-- Generated by Craft v2.6.3007 on Mar 5, 2018, 5:12:03 PM.

--
-- Disable foreign key checks and autocommit.
--

SET FOREIGN_KEY_CHECKS = 0;
SET SQL_MODE = "NO_AUTO_VALUE_ON_ZERO";
SET AUTOCOMMIT = 0;
SET NAMES utf8;


DROP TABLE IF EXISTS `craft_assetfiles`;


--
-- Schema for table `craft_assetfiles`
--
CREATE TABLE `craft_assetfiles` (
  `id` int(11) NOT NULL,
  `sourceId` int(11) DEFAULT NULL,
  `folderId` int(11) NOT NULL,
  `filename` varchar(255) COLLATE utf8_unicode_ci NOT NULL,
  `kind` varchar(50) COLLATE utf8_unicode_ci NOT NULL DEFAULT 'unknown',
  `width` int(11) unsigned DEFAULT NULL,
  `height` int(11) unsigned DEFAULT NULL,
  `size` bigint(20) unsigned DEFAULT NULL,
  `dateModified` datetime DEFAULT NULL,
  `dateCreated` datetime NOT NULL,
  `dateUpdated` datetime NOT NULL,
  `uid` char(36) COLLATE utf8_unicode_ci NOT NULL DEFAULT '0',
  PRIMARY KEY (`id`),
  UNIQUE KEY `craft_assetfiles_filename_folderId_unq_idx` (`filename`,`folderId`),
  KEY `craft_assetfiles_sourceId_fk` (`sourceId`),
  KEY `craft_assetfiles_folderId_fk` (`folderId`)
) ENGINE=InnoDB DEFAULT CHARSET=utf8 COLLATE=utf8_unicode_ci;

--
-- Data for table `craft_assetfiles`
--

INSERT INTO `craft_assetfiles` (`id`, `sourceId`, `folderId`, `filename`, `kind`, `width`, `height`, `size`, `dateModified`, `dateCreated`, `dateUpdated`, `uid`) VALUES
 ('6', '1', '1', 'Screen-Shot-2018-01-26-at-11.20.50.png', 'image', '596', '799', '813803', '2018-01-26 11:29:17', '2018-01-26 11:29:17', '2018-01-26 11:29:17', '22f34187-ecc1-45ae-b50e-331ec65c1a24'),
 ('7', '1', '1', 'Screen-Shot-2018-01-26-at-11.20.59.png', 'image', '1027', '798', '1209404', '2018-01-26 11:29:30', '2018-01-26 11:29:30', '2018-01-26 11:29:30', 'b579892c-6ee7-458a-a25e-2c709189580c'),
 ('10', '1', '1', 'Screen-Shot-2018-01-26-at-11.21.06.png', 'image', '627', '800', '621929', '2018-01-26 11:30:20', '2018-01-26 11:30:20', '2018-01-26 11:30:20', '9635ca9b-6bf8-42ca-8bdd-e876d5934d97'),
 ('18', '1', '1', 'HL_ID_Vlada_001.jpg', 'image', '875', '1200', '382768', '2018-01-29 14:32:26', '2018-01-29 14:32:26', '2018-01-29 14:32:26', '60321c72-9f48-45d3-8929-a1591aa6d4e5'),
 ('19', '1', '1', 'HL_ID_Vlada_003.jpg', 'image', '878', '1200', '457653', '2018-01-29 14:32:27', '2018-01-29 14:32:27', '2018-01-29 14:32:27', '0ad67aff-b7cb-4b6c-a21f-48e97190a3d5'),
 ('20', '1', '1', 'HL_ID_Vlada_005.jpg', 'image', '877', '1200', '448560', '2018-01-29 14:32:28', '2018-01-29 14:32:28', '2018-01-29 14:32:28', 'fa003838-35b0-4bf4-91dd-6c2599e7ee0d'),
 ('21', '1', '1', 'HL_ID_Vlada_007.jpg', 'image', '882', '1200', '521245', '2018-01-29 14:32:29', '2018-01-29 14:32:29', '2018-01-29 14:32:29', '9e8cc9fa-e251-4709-900e-abbe838c8f3b'),
 ('22', '1', '1', 'HL_ID_Vlada_010.jpg', 'image', '871', '1200', '466124', '2018-01-29 14:32:29', '2018-01-29 14:32:30', '2018-01-29 14:32:30', '1030df16-3ce6-4bf7-ba35-f4603e53f0de'),
 ('23', '1', '1', 'HL_ID_Vlada_011.jpg', 'image', '879', '1200', '375608', '2018-01-29 14:32:30', '2018-01-29 14:32:30', '2018-01-29 14:32:30', 'f029f7f9-b173-4ecc-8de7-4bef77e0acdd'),
 ('24', '1', '1', 'HL_ID_Vlada_013.jpg', 'image', '878', '1200', '250170', '2018-01-29 14:32:31', '2018-01-29 14:32:31', '2018-01-29 14:32:31', '37eda0ec-bd43-4f06-a6b4-a786332814c2'),
 ('25', '1', '1', 'HL_ID_Vlada_014.jpg', 'image', '876', '1200', '474369', '2018-01-29 14:32:32', '2018-01-29 14:32:33', '2018-01-29 14:32:33', '307cca49-3b73-42ea-a733-d48cc6ed5045'),
 ('26', '1', '1', 'HL_ID_Vlada_016.jpg', 'image', '881', '1200', '425259', '2018-01-29 14:32:33', '2018-01-29 14:32:34', '2018-01-29 14:32:34', '748fb443-4676-42aa-9c6a-181b361093e0'),
 ('28', '1', '1', 'HL_ID_March06_001.jpg', 'image', '907', '1200', '457014', '2018-01-29 14:32:59', '2018-01-29 14:32:59', '2018-01-29 14:32:59', 'b8e99235-611c-4980-9d29-7239512574c1'),
 ('29', '1', '1', 'HL_ID_March06_002.jpg', 'image', '903', '1200', '317744', '2018-01-29 14:33:00', '2018-01-29 14:33:00', '2018-01-29 14:33:00', '500730aa-edd7-4351-b19a-25a769cc62c2'),
 ('30', '1', '1', 'HL_ID_March06_003.jpg', 'image', '901', '1200', '442990', '2018-01-29 14:33:01', '2018-01-29 14:33:01', '2018-01-29 14:33:01', 'd17d8326-69c9-4935-8fc4-84d8ae885681'),
 ('31', '1', '1', 'HL_ID_March06_004.jpg', 'image', '915', '1200', '323337', '2018-01-29 14:33:02', '2018-01-29 14:33:02', '2018-01-29 14:33:02', 'ff820ac6-c12b-48cf-8bbc-dcd2496deb70'),
 ('32', '1', '1', 'HL_ID_March06_005.jpg', 'image', '907', '1200', '321231', '2018-01-29 14:33:03', '2018-01-29 14:33:03', '2018-01-29 14:33:03', '8bbd4888-fd3f-4ee8-b1b2-b9c5fdb62d13'),
 ('33', '1', '1', 'HL_ID_March06_006.jpg', 'image', '905', '1200', '504978', '2018-01-29 14:33:04', '2018-01-29 14:33:04', '2018-01-29 14:33:04', '74390e0a-9749-4c1d-98eb-d8265a5a2b28'),
 ('34', '1', '1', 'HL_ID_March06_007.jpg', 'image', '908', '1200', '548266', '2018-01-29 14:33:05', '2018-01-29 14:33:05', '2018-01-29 14:33:05', '937eae38-7f89-489e-aab3-23439804790e'),
 ('35', '1', '1', 'HL_ID_March06_008.jpg', 'image', '842', '1200', '361369', '2018-01-29 14:33:06', '2018-01-29 14:33:06', '2018-01-29 14:33:06', '03001498-bb0c-4e1d-92e8-99a52269de89'),
 ('37', '1', '1', 'Big-Magazine-1997-Terry-Richardson-22Big-Cult22-1.jpg', 'image', '669', '873', '78312', '2018-01-29 14:33:50', '2018-01-29 14:33:50', '2018-01-29 14:33:50', '78de1aec-a453-44c4-bc10-49f8826ec0d0'),
 ('38', '1', '1', 'Big-Magazine-1997-Terry-Richardson-22Big-Cult22-2.jpg', 'image', '669', '865', '78467', '2018-01-29 14:33:50', '2018-01-29 14:33:50', '2018-01-29 14:33:50', 'c2411f80-c525-4a4f-82af-d1c09bc99c6f'),
 ('39', '1', '1', 'Big-Magazine-1997-Terry-Richardson-22Big-Cult22-3.jpg', 'image', '669', '867', '59048', '2018-01-29 14:33:51', '2018-01-29 14:33:51', '2018-01-29 14:33:51', 'f763b142-efb0-46d8-806c-473593ec6eee'),
 ('41', '1', '1', 'Amy230x290-copy.jpg', 'image', '2544', '2000', '3442642', '2018-01-29 14:34:24', '2018-01-29 14:34:24', '2018-01-29 14:34:24', '14ce481a-0c20-4e0c-928d-289af1731732'),
 ('42', '1', '1', 'Angel-230x290.jpg', 'image', '2000', '1587', '3229394', '2018-01-29 14:34:28', '2018-01-29 14:34:29', '2018-01-29 14:34:29', '2bc6092a-3a98-476c-a1ee-50abf3fc8138'),
 ('44', '1', '1', '1010-HarpersbazaarKorea-fashionmime-HLE-001.jpg', 'image', '874', '1200', '221155', '2018-01-29 14:34:54', '2018-01-29 14:34:54', '2018-01-29 14:34:54', 'fa61aaa7-4d5b-4c82-a4d1-4b6f751b1b13'),
 ('45', '1', '1', '1010-HarpersbazaarKorea-fashionmime-HLE-002.jpg', 'image', '901', '1200', '146713', '2018-01-29 14:34:55', '2018-01-29 14:34:55', '2018-01-29 14:34:55', '04aa968b-641f-46a9-a042-de7c5a24dd97'),
 ('46', '1', '1', '1010-HarpersbazaarKorea-fashionmime-HLE-003.jpg', 'image', '881', '1200', '146552', '2018-01-29 14:34:56', '2018-01-29 14:34:56', '2018-01-29 14:34:56', '4147bf19-057d-4e51-988c-88a942883f0a'),
 ('47', '1', '1', '1010-HarpersbazaarKorea-fashionmime-HLE-004.jpg', 'image', '896', '1200', '113643', '2018-01-29 14:34:57', '2018-01-29 14:34:57', '2018-01-29 14:34:57', 'fde6679a-f138-46cc-be70-ce452a848148'),
 ('48', '1', '1', '1010-HarpersbazaarKorea-fashionmime-HLE-005.jpg', 'image', '895', '1200', '111708', '2018-01-29 14:34:57', '2018-01-29 14:34:57', '2018-01-29 14:34:57', 'c9787d22-be98-4db2-b1e7-b66dea2f37ab'),
 ('49', '1', '1', '1010-HarpersbazaarKorea-fashionmime-HLE-006.jpg', 'image', '899', '1200', '146869', '2018-01-29 14:34:58', '2018-01-29 14:34:58', '2018-01-29 14:34:58', '01c8d13a-387e-4cb1-809c-d193b276145b'),
 ('50', '1', '1', '1010-HarpersbazaarKorea-fashionmime-HLE-007.jpg', 'image', '897', '1200', '111906', '2018-01-29 14:34:59', '2018-01-29 14:34:59', '2018-01-29 14:34:59', '26bab3f6-9345-4f93-80e6-da64382367bd'),
 ('51', '1', '1', '1010-HarpersbazaarKorea-fashionmime-HLE-008.jpg', 'image', '894', '1200', '111929', '2018-01-29 14:35:00', '2018-01-29 14:35:00', '2018-01-29 14:35:00', '6f559e13-8a3e-45b8-b943-939a3359632f'),
 ('52', '1', '1', '1010-HarpersbazaarKorea-fashionmime-HLE-009.jpg', 'image', '902', '1200', '153625', '2018-01-29 14:35:01', '2018-01-29 14:35:01', '2018-01-29 14:35:01', '9275c5d8-e7e0-4f1f-9f3f-56d6d59eaf39'),
 ('54', '1', '1', 'HL-Mens-Streeters-PDF-24_3.jpg', 'image', '577', '800', '95836', '2018-01-29 14:35:23', '2018-01-29 14:35:23', '2018-01-29 14:35:23', '0062f201-d05d-41ca-baad-176215e6b025'),
 ('55', '1', '1', 'HL-Mens-Streeters-PDF-25_3.jpg', 'image', '599', '800', '122356', '2018-01-29 14:35:24', '2018-01-29 14:35:24', '2018-01-29 14:35:24', '798ac24f-16e6-4ca9-8097-ff9cba17f64d'),
 ('56', '1', '1', 'HL-Mens-Streeters-PDF-26_3.jpg', 'image', '628', '800', '119693', '2018-01-29 14:35:24', '2018-01-29 14:35:24', '2018-01-29 14:35:24', '87e15838-d8a5-4aab-932a-5102843e1dc0'),
 ('57', '1', '1', 'HL-Mens-Streeters-PDF-27_3.jpg', 'image', '641', '800', '132165', '2018-01-29 14:35:25', '2018-01-29 14:35:25', '2018-01-29 14:35:25', '0a09d384-e9db-4702-82b0-97a2a8c97e11'),
 ('58', '1', '1', 'HL-Mens-Streeters-PDF-28_3.jpg', 'image', '564', '800', '97384', '2018-01-29 14:35:25', '2018-01-29 14:35:25', '2018-01-29 14:35:25', '9ecb0f31-00a8-42d3-b19a-c154a0ebb159'),
 ('59', '1', '1', 'HL-Mens-Streeters-PDF-29_3.jpg', 'image', '626', '800', '96149', '2018-01-29 14:35:26', '2018-01-29 14:35:26', '2018-01-29 14:35:26', '6fe7d161-84d0-44dd-b9c6-2d70256af513'),
 ('61', '1', '1', '5x7_PR_PERF_9_3.jpg', 'image', '571', '800', '135312', '2018-01-29 14:35:52', '2018-01-29 14:35:52', '2018-01-29 14:35:52', '30eabd83-cfa3-45f0-86cf-64f678fb47ff'),
 ('62', '1', '1', '5x7_PR_PERF_29_3.jpg', 'image', '571', '800', '82501', '2018-01-29 14:35:53', '2018-01-29 14:35:53', '2018-01-29 14:35:53', '9c490fcc-5c8d-4739-b192-6cf7e40ba74d'),
 ('63', '1', '1', '5x7_PR_PERF_31_3.jpg', 'image', '571', '800', '82675', '2018-01-29 14:35:53', '2018-01-29 14:35:53', '2018-01-29 14:35:53', '273899d0-2962-4b34-9179-cfe9bf2987cc'),
 ('64', '1', '1', '5x7_PR_PERF_33_3.jpg', 'image', '571', '800', '84532', '2018-01-29 14:35:54', '2018-01-29 14:35:54', '2018-01-29 14:35:54', 'cdccb9d9-2b36-4d66-b794-5774a372da6f'),
 ('65', '1', '1', 'CK2_3.jpg', 'image', '673', '669', '86980', '2018-01-29 14:35:54', '2018-01-29 14:35:54', '2018-01-29 14:35:54', '06f9a0ea-ee3e-40b2-9602-d51d8c4a7f2a'),
 ('66', '1', '1', 'CK3_3.jpg', 'image', '674', '677', '75987', '2018-01-29 14:35:55', '2018-01-29 14:35:55', '2018-01-29 14:35:55', '88ca2f54-61dd-4da2-b4d5-0dd6577813ac'),
 ('67', '1', '1', 'CK4_3.jpg', 'image', '671', '671', '84160', '2018-01-29 14:35:55', '2018-01-29 14:35:55', '2018-01-29 14:35:55', '0edc8a3d-51f0-458f-9f49-47d977a78e5d'),
 ('68', '1', '1', 'CK5_3.jpg', 'image', '673', '669', '80972', '2018-01-29 14:35:56', '2018-01-29 14:35:56', '2018-01-29 14:35:56', 'b78a365f-8b7e-4743-b993-107507b798a8'),
 ('70', '1', '1', '13Spring-JackSpade-AD-HLE-001.jpg', 'image', '883', '1200', '430711', '2018-01-29 14:36:25', '2018-01-29 14:36:25', '2018-01-29 14:36:25', 'f05dd36d-3503-487c-af81-a9dc15e50a9d'),
 ('71', '1', '1', '13Spring-JackSpade-AD-HLE-002.jpg', 'image', '736', '1000', '932418', '2018-01-29 14:36:27', '2018-01-29 14:36:27', '2018-01-29 14:36:27', 'fc10eed2-2fd1-4255-aa3d-39c8aa0f8988'),
 ('72', '1', '1', '13Spring-JackSpade-AD-HLE-003.jpg', 'image', '1765', '1200', '277262', '2018-01-29 14:36:28', '2018-01-29 14:36:28', '2018-01-29 14:36:28', '6cb69346-1cc5-4666-928a-9046a71bdc7b'),
 ('73', '1', '1', '13Spring-JackSpade-AD-HLE-004.jpg', 'image', '761', '1000', '603459', '2018-01-29 14:36:29', '2018-01-29 14:36:29', '2018-01-29 14:36:29', '6d035748-51f0-45a1-ad4e-e20b8bfb8dac'),
 ('74', '1', '1', '13Spring-JackSpade-AD-HLE-005.jpg', 'image', '1765', '1200', '497196', '2018-01-29 14:36:30', '2018-01-29 14:36:30', '2018-01-29 14:36:30', 'a2ec5f39-8b8e-43e2-b104-77c91777a50a'),
 ('75', '1', '1', '13Spring-JackSpade-AD-HLE-006.jpg', 'image', '1765', '1200', '395776', '2018-01-29 14:36:31', '2018-01-29 14:36:32', '2018-01-29 14:36:32', 'aec8a820-e037-45a6-b746-395072e3860c'),
 ('76', '1', '1', '13Spring-JackSpade-AD-HLE-007.jpg', 'image', '736', '1000', '574879', '2018-01-29 14:36:33', '2018-01-29 14:36:33', '2018-01-29 14:36:33', 'bf46124e-870e-43f9-89da-7710b442f9ec'),
 ('77', '1', '1', '13Spring-JackSpade-AD-HLE-008.jpg', 'image', '761', '1000', '734120', '2018-01-29 14:36:34', '2018-01-29 14:36:35', '2018-01-29 14:36:35', '86c7f490-4d0a-4b8b-a48d-ead94703638d'),
 ('78', '1', '1', '13Spring-JackSpade-AD-HLE-009.jpg', 'image', '1765', '1200', '576047', '2018-01-29 14:36:36', '2018-01-29 14:36:36', '2018-01-29 14:36:36', 'cf2d3b89-cd1a-41a9-98f1-c5cf484d1e5a'),
 ('79', '1', '1', '13Spring-JackSpade-AD-HLE-010.jpg', 'image', '735', '1000', '666682', '2018-01-29 14:36:37', '2018-01-29 14:36:38', '2018-01-29 14:36:38', '28a041d6-f569-447f-8d32-cf593b53e086'),
 ('80', '1', '1', '13Spring-JackSpade-AD-HLE-011.jpg', 'image', '1765', '1200', '634661', '2018-01-29 14:36:39', '2018-01-29 14:36:39', '2018-01-29 14:36:39', 'f95830bb-fe37-4ef2-9254-dec040087c85'),
 ('81', '1', '1', '13Spring-JackSpade-AD-HLE-012.jpg', 'image', '1469', '1000', '1562826', '2018-01-29 14:36:40', '2018-01-29 14:36:40', '2018-01-29 14:36:40', '9863f658-6513-4442-8f65-ff0c5a9a0389'),
 ('82', '1', '1', '13Spring-JackSpade-AD-HLE-013.jpg', 'image', '1765', '1200', '458792', '2018-01-29 14:36:41', '2018-01-29 14:36:41', '2018-01-29 14:36:41', '598c694a-3366-4c22-89f5-6d3ef7efa324'),
 ('83', '1', '1', '13Spring-JackSpade-AD-HLE-014.jpg', 'image', '735', '1000', '605767', '2018-01-29 14:36:42', '2018-01-29 14:36:42', '2018-01-29 14:36:42', 'b2c82e43-4308-4a9a-b95b-9c19d245000b'),
 ('84', '1', '1', '13Spring-JackSpade-AD-HLE-015.jpg', 'image', '1765', '1200', '248483', '2018-01-29 14:36:43', '2018-01-29 14:36:43', '2018-01-29 14:36:43', '4ed198a5-fbfe-42f1-b1a9-f773b32613d7'),
 ('86', '1', '1', 'BooGeorge-HiRes-1_1_3.jpg', 'image', '1206', '800', '133051', '2018-01-29 14:47:00', '2018-01-29 14:47:00', '2018-01-29 14:47:00', 'cd4d65b4-180f-47dd-8680-d32a4fe8da2a'),
 ('87', '1', '1', 'NICK_HAYMES_LETS-PANIC-HIREZ014_3.jpg', 'image', '543', '800', '88942', '2018-01-29 14:47:48', '2018-01-29 14:47:48', '2018-01-29 14:47:48', '5145f443-707b-478d-9a33-1ab429602adb'),
 ('88', '1', '1', 'havana3.jpg', 'image', '1027', '768', '567008', '2018-01-29 14:49:45', '2018-01-29 14:49:45', '2018-01-29 14:49:45', 'b27a7e94-ae7e-4d0b-b688-8ff6ab8f91a6'),
 ('89', '1', '1', 'havana4.jpg', 'image', '524', '768', '185925', '2018-01-29 14:50:27', '2018-01-29 14:50:27', '2018-01-29 14:50:27', 'a751ef14-55c7-4727-9692-edef1e3a1d2c'),
 ('94', '1', '1', '1506-InterviewGermany-AmberHeard-HLE-001.jpg', 'image', '920', '1200', '411297', '2018-03-05 17:07:44', '2018-03-05 17:07:44', '2018-03-05 17:07:44', '2985c710-9953-4f7a-b4f3-283695aab41d'),
 ('95', '1', '1', '1506-InterviewGermany-AmberHeard-HLE-002.jpg', 'image', '924', '1200', '351006', '2018-03-05 17:07:46', '2018-03-05 17:07:46', '2018-03-05 17:07:46', '5f999dfb-d5a2-4e84-b164-2afa3c87f397'),
 ('96', '1', '1', '1506-InterviewGermany-AmberHeard-HLE-003.jpg', 'image', '933', '1200', '228357', '2018-03-05 17:07:50', '2018-03-05 17:07:50', '2018-03-05 17:07:50', 'ddff3ea3-0a36-4b07-82c3-f2850c9685b3'),
 ('97', '1', '1', '1506-InterviewGermany-AmberHeard-HLE-004.jpg', 'image', '1872', '1200', '623263', '2018-03-05 17:07:53', '2018-03-05 17:07:53', '2018-03-05 17:07:53', 'c3eeb25a-1524-4398-84db-18e676edc815'),
 ('98', '1', '1', '1506-InterviewGermany-AmberHeard-HLE-005.jpg', 'image', '1853', '1200', '991844', '2018-03-05 17:07:57', '2018-03-05 17:07:57', '2018-03-05 17:07:57', '90c4941f-03b0-4e93-b458-92a0b1b5974e'),
 ('99', '1', '1', '1506-InterviewGermany-AmberHeard-HLE-006.jpg', 'image', '800', '1200', '330930', '2018-03-05 17:08:00', '2018-03-05 17:08:00', '2018-03-05 17:08:00', '5f9bbcf7-9264-4354-b8a7-a7121e6d842a'),
 ('100', '1', '1', '1506-InterviewGermany-AmberHeard-HLE-007.jpg', 'image', '792', '1200', '374351', '2018-03-05 17:08:05', '2018-03-05 17:08:05', '2018-03-05 17:08:05', 'ba91228d-5583-4df8-aeea-a335da1e5850'),
 ('101', '1', '1', '1506-InterviewGermany-AmberHeard-HLE-008.jpg', 'image', '793', '1200', '380777', '2018-03-05 17:08:08', '2018-03-05 17:08:08', '2018-03-05 17:08:08', '636abb3f-cc85-48bd-9d03-d33107b04cf1'),
 ('102', '1', '1', '1506-InterviewGermany-AmberHeard-HLE-009.jpg', 'image', '926', '1200', '294548', '2018-03-05 17:08:20', '2018-03-05 17:08:20', '2018-03-05 17:08:20', '3f7ac450-826e-4688-b6e9-d7f61e7b4d70'),
 ('104', '1', '1', '16FW-LofficielHommesItalia-CoverTheSmellOfUs-RFO_HLE_AMONSY_TON-01.jpg', 'image', '741', '1000', '597285', '2018-03-05 17:10:33', '2018-03-05 17:10:33', '2018-03-05 17:10:33', 'd67e722a-d3db-49a0-98e8-d457f22fbe0e'),
 ('105', '1', '1', '16FW-LofficielHommesItalia-CoverTheSmellOfUs-RFO_HLE_AMONSY_TON-02.jpg', 'image', '741', '1000', '543559', '2018-03-05 17:10:38', '2018-03-05 17:10:38', '2018-03-05 17:10:38', 'adddf771-95c5-4178-8be7-8af99380d403'),
 ('106', '1', '1', '16FW-LofficielHommesItalia-CoverTheSmellOfUs-RFO_HLE_AMONSY_TON-04.jpg', 'image', '1507', '1000', '866018', '2018-03-05 17:10:56', '2018-03-05 17:10:56', '2018-03-05 17:10:56', '206db00d-1eef-4e18-bac8-1ccb9e4a5c03'),
 ('107', '1', '1', '16FW-LofficielHommesItalia-CoverTheSmellOfUs-RFO_HLE_AMONSY_TON-06.jpg', 'image', '760', '1000', '352018', '2018-03-05 17:10:58', '2018-03-05 17:10:59', '2018-03-05 17:10:59', 'f48a8794-2c87-45d4-a4c1-a9a3d60a6b5a'),
 ('108', '1', '1', '16FW-LofficielHommesItalia-CoverTheSmellOfUs-RFO_HLE_AMONSY_TON-07.jpg', 'image', '755', '1000', '524469', '2018-03-05 17:11:03', '2018-03-05 17:11:03', '2018-03-05 17:11:03', '7522b8b2-ae7b-4524-983d-d34396092355'),
 ('109', '1', '1', '16FW-LofficielHommesItalia-CoverTheSmellOfUs-RFO_HLE_AMONSY_TON-09.jpg', 'image', '755', '1000', '445066', '2018-03-05 17:11:06', '2018-03-05 17:11:06', '2018-03-05 17:11:06', '64fe5194-71df-4105-8d93-077adf7af196'),
 ('110', '1', '1', '16FW-LofficielHommesItalia-CoverTheSmellOfUs-RFO_HLE_AMONSY_TON-10.jpg', 'image', '761', '1000', '375465', '2018-03-05 17:11:08', '2018-03-05 17:11:09', '2018-03-05 17:11:09', '6118291f-7352-4905-ba01-ad11852b6e37'),
 ('111', '1', '1', '16FW-LofficielHommesItalia-CoverTheSmellOfUs-RFO_HLE_AMONSY_TON-12.jpg', 'image', '760', '1000', '511423', '2018-03-05 17:11:10', '2018-03-05 17:11:10', '2018-03-05 17:11:10', '6d9b912f-642b-43c8-8034-a72a808d0892'),
 ('112', '1', '1', '16FW-LofficielHommesItalia-CoverTheSmellOfUs-RFO_HLE_AMONSY_TON-13.jpg', 'image', '755', '1000', '362445', '2018-03-05 17:11:12', '2018-03-05 17:11:13', '2018-03-05 17:11:13', '8664a83e-2192-4e07-8760-6cebe701aac9'),
 ('113', '1', '1', '16FW-LofficielHommesItalia-CoverTheSmellOfUs-RFO_HLE_AMONSY_TON-15.jpg', 'image', '755', '1000', '425650', '2018-03-05 17:11:14', '2018-03-05 17:11:15', '2018-03-05 17:11:15', '83542a7b-0c89-4644-a77f-d4a9356dd4dd'),
 ('114', '1', '1', '16FW-LofficielHommesItalia-CoverTheSmellOfUs-RFO_HLE_AMONSY_TON-16.jpg', 'image', '761', '1000', '492792', '2018-03-05 17:11:16', '2018-03-05 17:11:16', '2018-03-05 17:11:16', '6c145b7c-e636-4174-aa9f-7058bfd09c7a'),
 ('115', '1', '1', '16FW-LofficielHommesItalia-CoverTheSmellOfUs-RFO_HLE_AMONSY_TON-18.jpg', 'image', '761', '1000', '542089', '2018-03-05 17:11:18', '2018-03-05 17:11:18', '2018-03-05 17:11:18', 'd7e6865c-08f9-4c3a-a750-c1d5337d4af0'),
 ('116', '1', '1', '16FW-LofficielHommesItalia-CoverTheSmellOfUs-RFO_HLE_AMONSY_TON-19.jpg', 'image', '755', '1000', '456075', '2018-03-05 17:11:20', '2018-03-05 17:11:20', '2018-03-05 17:11:20', '242c4f3b-393b-49b5-af7f-b1759ee10f9e'),
 ('117', '1', '1', '16FW-LofficielHommesItalia-CoverTheSmellOfUs-RFO_HLE_AMONSY_TON-21.jpg', 'image', '1507', '1000', '1006764', '2018-03-05 17:11:22', '2018-03-05 17:11:22', '2018-03-05 17:11:22', '7ebd489c-87e4-4400-a040-780c605671c6');



DROP TABLE IF EXISTS `craft_assetfolders`;


--
-- Schema for table `craft_assetfolders`
--
CREATE TABLE `craft_assetfolders` (
  `id` int(11) NOT NULL AUTO_INCREMENT,
  `parentId` int(11) DEFAULT NULL,
  `sourceId` int(11) DEFAULT NULL,
  `name` varchar(255) COLLATE utf8_unicode_ci NOT NULL,
  `path` varchar(255) COLLATE utf8_unicode_ci DEFAULT NULL,
  `dateCreated` datetime NOT NULL,
  `dateUpdated` datetime NOT NULL,
  `uid` char(36) COLLATE utf8_unicode_ci NOT NULL DEFAULT '0',
  PRIMARY KEY (`id`),
  UNIQUE KEY `craft_assetfolders_name_parentId_sourceId_unq_idx` (`name`,`parentId`,`sourceId`),
  KEY `craft_assetfolders_parentId_fk` (`parentId`),
  KEY `craft_assetfolders_sourceId_fk` (`sourceId`)
) ENGINE=InnoDB AUTO_INCREMENT=2 DEFAULT CHARSET=utf8 COLLATE=utf8_unicode_ci;

--
-- Data for table `craft_assetfolders`
--

INSERT INTO `craft_assetfolders` (`id`, `parentId`, `sourceId`, `name`, `path`, `dateCreated`, `dateUpdated`, `uid`) VALUES
 ('1', NULL, '1', 'Images', '', '2018-01-26 11:10:19', '2018-01-26 11:10:19', 'a8f3f55a-2cc1-4371-a5f5-385da76fe1bf');



DROP TABLE IF EXISTS `craft_assetindexdata`;


--
-- Schema for table `craft_assetindexdata`
--
CREATE TABLE `craft_assetindexdata` (
  `id` int(11) NOT NULL AUTO_INCREMENT,
  `sessionId` varchar(36) COLLATE utf8_unicode_ci NOT NULL DEFAULT '',
  `sourceId` int(10) NOT NULL,
  `offset` int(10) NOT NULL,
  `uri` varchar(255) COLLATE utf8_unicode_ci DEFAULT NULL,
  `size` varchar(255) COLLATE utf8_unicode_ci DEFAULT NULL,
  `recordId` int(10) DEFAULT NULL,
  `dateCreated` datetime NOT NULL,
  `dateUpdated` datetime NOT NULL,
  `uid` char(36) COLLATE utf8_unicode_ci NOT NULL DEFAULT '0',
  PRIMARY KEY (`id`),
  UNIQUE KEY `craft_assetindexdata_sessionId_sourceId_offset_unq_idx` (`sessionId`,`sourceId`,`offset`),
  KEY `craft_assetindexdata_sourceId_fk` (`sourceId`)
) ENGINE=InnoDB DEFAULT CHARSET=utf8 COLLATE=utf8_unicode_ci;

DROP TABLE IF EXISTS `craft_assetsources`;


--
-- Schema for table `craft_assetsources`
--
CREATE TABLE `craft_assetsources` (
  `id` int(11) NOT NULL AUTO_INCREMENT,
  `name` varchar(255) COLLATE utf8_unicode_ci NOT NULL,
  `handle` varchar(255) COLLATE utf8_unicode_ci NOT NULL,
  `type` varchar(150) COLLATE utf8_unicode_ci NOT NULL,
  `settings` text COLLATE utf8_unicode_ci,
  `sortOrder` smallint(6) unsigned DEFAULT NULL,
  `fieldLayoutId` int(10) DEFAULT NULL,
  `dateCreated` datetime NOT NULL,
  `dateUpdated` datetime NOT NULL,
  `uid` char(36) COLLATE utf8_unicode_ci NOT NULL DEFAULT '0',
  PRIMARY KEY (`id`),
  UNIQUE KEY `craft_assetsources_name_unq_idx` (`name`),
  UNIQUE KEY `craft_assetsources_handle_unq_idx` (`handle`),
  KEY `craft_assetsources_fieldLayoutId_fk` (`fieldLayoutId`)
) ENGINE=InnoDB AUTO_INCREMENT=2 DEFAULT CHARSET=utf8 COLLATE=utf8_unicode_ci;

--
-- Data for table `craft_assetsources`
--

INSERT INTO `craft_assetsources` (`id`, `name`, `handle`, `type`, `settings`, `sortOrder`, `fieldLayoutId`, `dateCreated`, `dateUpdated`, `uid`) VALUES
 ('1', 'Images', 'images', 'Local', '{\"path\":\"img\\/\",\"publicURLs\":\"1\",\"url\":\"http:\\/\\/www.havanalaffitte.com.gridhosted.co.uk\\/img\\/\"}', '1', '21', '2018-01-26 11:10:19', '2018-02-06 11:50:49', '61eae9eb-97dc-41f6-8f91-f6b85563f6dd');



DROP TABLE IF EXISTS `craft_assettransformindex`;


--
-- Schema for table `craft_assettransformindex`
--
CREATE TABLE `craft_assettransformindex` (
  `id` int(11) NOT NULL AUTO_INCREMENT,
  `fileId` int(11) NOT NULL,
  `filename` varchar(255) COLLATE utf8_unicode_ci DEFAULT NULL,
  `format` varchar(255) COLLATE utf8_unicode_ci DEFAULT NULL,
  `location` varchar(255) COLLATE utf8_unicode_ci NOT NULL,
  `sourceId` int(11) DEFAULT NULL,
  `fileExists` tinyint(1) DEFAULT NULL,
  `inProgress` tinyint(1) DEFAULT NULL,
  `dateIndexed` datetime DEFAULT NULL,
  `dateCreated` datetime NOT NULL,
  `dateUpdated` datetime NOT NULL,
  `uid` char(36) COLLATE utf8_unicode_ci NOT NULL DEFAULT '0',
  PRIMARY KEY (`id`),
  KEY `craft_assettransformindex_sourceId_fileId_location_idx` (`sourceId`,`fileId`,`location`)
) ENGINE=InnoDB AUTO_INCREMENT=73 DEFAULT CHARSET=utf8 COLLATE=utf8_unicode_ci;

DROP TABLE IF EXISTS `craft_assettransforms`;


--
-- Schema for table `craft_assettransforms`
--
CREATE TABLE `craft_assettransforms` (
  `id` int(11) NOT NULL AUTO_INCREMENT,
  `name` varchar(255) COLLATE utf8_unicode_ci NOT NULL,
  `handle` varchar(255) COLLATE utf8_unicode_ci NOT NULL,
  `mode` enum('stretch','fit','crop') COLLATE utf8_unicode_ci NOT NULL DEFAULT 'crop',
  `position` enum('top-left','top-center','top-right','center-left','center-center','center-right','bottom-left','bottom-center','bottom-right') COLLATE utf8_unicode_ci NOT NULL DEFAULT 'center-center',
  `height` int(10) DEFAULT NULL,
  `width` int(10) DEFAULT NULL,
  `format` varchar(255) COLLATE utf8_unicode_ci DEFAULT NULL,
  `quality` int(10) DEFAULT NULL,
  `dimensionChangeTime` datetime DEFAULT NULL,
  `dateCreated` datetime NOT NULL,
  `dateUpdated` datetime NOT NULL,
  `uid` char(36) COLLATE utf8_unicode_ci NOT NULL DEFAULT '0',
  PRIMARY KEY (`id`),
  UNIQUE KEY `craft_assettransforms_name_unq_idx` (`name`),
  UNIQUE KEY `craft_assettransforms_handle_unq_idx` (`handle`)
) ENGINE=InnoDB AUTO_INCREMENT=2 DEFAULT CHARSET=utf8 COLLATE=utf8_unicode_ci;

--
-- Data for table `craft_assettransforms`
--

INSERT INTO `craft_assettransforms` (`id`, `name`, `handle`, `mode`, `position`, `height`, `width`, `format`, `quality`, `dimensionChangeTime`, `dateCreated`, `dateUpdated`, `uid`) VALUES
 ('1', 'Thumbnail', 'thumbnail', 'crop', 'center-center', '400', '400', NULL, '82', '2018-01-26 11:56:45', '2018-01-26 11:56:45', '2018-01-26 11:56:45', '5f84d8ef-f5dc-4ed2-ab99-562bf885ab10');



DROP TABLE IF EXISTS `craft_categories`;


--
-- Schema for table `craft_categories`
--
CREATE TABLE `craft_categories` (
  `id` int(11) NOT NULL,
  `groupId` int(11) NOT NULL,
  `dateCreated` datetime NOT NULL,
  `dateUpdated` datetime NOT NULL,
  `uid` char(36) COLLATE utf8_unicode_ci NOT NULL DEFAULT '0',
  PRIMARY KEY (`id`),
  KEY `craft_categories_groupId_fk` (`groupId`)
) ENGINE=InnoDB DEFAULT CHARSET=utf8 COLLATE=utf8_unicode_ci;

--
-- Data for table `craft_categories`
--

INSERT INTO `craft_categories` (`id`, `groupId`, `dateCreated`, `dateUpdated`, `uid`) VALUES
 ('13', '1', '2018-01-26 11:31:36', '2018-01-26 11:31:36', '68969ca6-cdc0-4af4-8c72-816f5f5f2541'),
 ('14', '1', '2018-01-26 11:31:48', '2018-01-26 11:31:48', '83955784-a50e-48be-aaaf-0212125e15d0'),
 ('93', '1', '2018-03-05 16:56:21', '2018-03-05 16:56:21', '523fba8e-145c-4242-bd84-c4660ce49838');



DROP TABLE IF EXISTS `craft_categorygroups`;


--
-- Schema for table `craft_categorygroups`
--
CREATE TABLE `craft_categorygroups` (
  `id` int(11) NOT NULL AUTO_INCREMENT,
  `structureId` int(11) NOT NULL,
  `fieldLayoutId` int(11) DEFAULT NULL,
  `name` varchar(255) COLLATE utf8_unicode_ci NOT NULL,
  `handle` varchar(255) COLLATE utf8_unicode_ci NOT NULL,
  `hasUrls` tinyint(1) unsigned NOT NULL DEFAULT '1',
  `template` varchar(500) COLLATE utf8_unicode_ci DEFAULT NULL,
  `dateCreated` datetime NOT NULL,
  `dateUpdated` datetime NOT NULL,
  `uid` char(36) COLLATE utf8_unicode_ci NOT NULL DEFAULT '0',
  PRIMARY KEY (`id`),
  UNIQUE KEY `craft_categorygroups_name_unq_idx` (`name`),
  UNIQUE KEY `craft_categorygroups_handle_unq_idx` (`handle`),
  KEY `craft_categorygroups_structureId_fk` (`structureId`),
  KEY `craft_categorygroups_fieldLayoutId_fk` (`fieldLayoutId`)
) ENGINE=InnoDB AUTO_INCREMENT=2 DEFAULT CHARSET=utf8 COLLATE=utf8_unicode_ci;

--
-- Data for table `craft_categorygroups`
--

INSERT INTO `craft_categorygroups` (`id`, `structureId`, `fieldLayoutId`, `name`, `handle`, `hasUrls`, `template`, `dateCreated`, `dateUpdated`, `uid`) VALUES
 ('1', '2', '17', 'Category', 'category', '0', NULL, '2018-01-26 11:30:52', '2018-01-26 11:30:52', 'a7a66482-aa2f-470e-86f9-a919cb128aca');



DROP TABLE IF EXISTS `craft_categorygroups_i18n`;


--
-- Schema for table `craft_categorygroups_i18n`
--
CREATE TABLE `craft_categorygroups_i18n` (
  `id` int(11) NOT NULL AUTO_INCREMENT,
  `groupId` int(11) NOT NULL,
  `locale` char(12) COLLATE utf8_unicode_ci NOT NULL,
  `urlFormat` text COLLATE utf8_unicode_ci,
  `nestedUrlFormat` text COLLATE utf8_unicode_ci,
  `dateCreated` datetime NOT NULL,
  `dateUpdated` datetime NOT NULL,
  `uid` char(36) COLLATE utf8_unicode_ci NOT NULL DEFAULT '0',
  PRIMARY KEY (`id`),
  UNIQUE KEY `craft_categorygroups_i18n_groupId_locale_unq_idx` (`groupId`,`locale`),
  KEY `craft_categorygroups_i18n_locale_fk` (`locale`)
) ENGINE=InnoDB AUTO_INCREMENT=2 DEFAULT CHARSET=utf8 COLLATE=utf8_unicode_ci;

--
-- Data for table `craft_categorygroups_i18n`
--

INSERT INTO `craft_categorygroups_i18n` (`id`, `groupId`, `locale`, `urlFormat`, `nestedUrlFormat`, `dateCreated`, `dateUpdated`, `uid`) VALUES
 ('1', '1', 'en_us', NULL, NULL, '2018-01-26 11:30:52', '2018-01-26 11:30:52', 'c342ade2-c82e-4b1e-8c3b-788599d6e54d');



DROP TABLE IF EXISTS `craft_content`;


--
-- Schema for table `craft_content`
--
CREATE TABLE `craft_content` (
  `id` int(11) NOT NULL AUTO_INCREMENT,
  `elementId` int(11) NOT NULL,
  `locale` char(12) COLLATE utf8_unicode_ci NOT NULL,
  `title` varchar(255) COLLATE utf8_unicode_ci DEFAULT NULL,
  `field_tagline` text COLLATE utf8_unicode_ci,
  `field_instagramUrl` text COLLATE utf8_unicode_ci,
  `field_bio` text COLLATE utf8_unicode_ci,
  `field_emailAddress` text COLLATE utf8_unicode_ci,
  `field_mailingAddress` text COLLATE utf8_unicode_ci,
  `field_multilineTitle` text COLLATE utf8_unicode_ci,
  `field_description` text COLLATE utf8_unicode_ci,
  `dateCreated` datetime NOT NULL,
  `dateUpdated` datetime NOT NULL,
  `uid` char(36) COLLATE utf8_unicode_ci NOT NULL DEFAULT '0',
  PRIMARY KEY (`id`),
  UNIQUE KEY `craft_content_elementId_locale_unq_idx` (`elementId`,`locale`),
  KEY `craft_content_title_idx` (`title`),
  KEY `craft_content_locale_fk` (`locale`)
) ENGINE=InnoDB AUTO_INCREMENT=110 DEFAULT CHARSET=utf8 COLLATE=utf8_unicode_ci;

--
-- Data for table `craft_content`
--

INSERT INTO `craft_content` (`id`, `elementId`, `locale`, `title`, `field_tagline`, `field_instagramUrl`, `field_bio`, `field_emailAddress`, `field_mailingAddress`, `field_multilineTitle`, `field_description`, `dateCreated`, `dateUpdated`, `uid`) VALUES
 ('1', '1', 'en_us', NULL, NULL, NULL, NULL, NULL, NULL, NULL, NULL, '2018-01-26 11:02:40', '2018-01-26 11:02:40', 'd7db53aa-ff8f-49fa-b875-9d537b1454f9'),
 ('2', '2', 'en_us', 'Homepage', 'Fashion and Creative Consultant', NULL, NULL, NULL, NULL, NULL, NULL, '2018-01-26 11:02:43', '2018-01-29 14:50:38', '7d5ceddf-04d9-4349-9eb9-b9c2a2aa16d7'),
 ('4', '4', 'en_us', NULL, NULL, 'https://www.instagram.com/havanalaffitte/', NULL, NULL, NULL, NULL, 'Fashion and Creative Consultant', '2018-01-26 11:18:32', '2018-01-29 12:14:56', 'bd57b64d-60e5-48fc-8cd0-cf3dbe212d05'),
 ('5', '5', 'en_us', 'Information', NULL, 'https://www.instagram.com/havanalaffitte/', '<p>Havana Laffitte began her fashion career as a young stylist in the mid nineties collaborating with photographers Davide Sorrenti, Terry Richardson and Mark Borthwick for magazine titles such as Interview, The Face, i-D, Spin and Visionaire. </p>\n<p>\n</p>\n<p>Simultaneously during this time , Havana’s close ties to the music industry lead to costume designing music videos for hip hop legends Ol’ Dirty Bastard, Wu Tang Clan, The Fugees, as well as indie bands like Garbage, Sebadoh and Fiona Apple.  A fixture among the now iconic  “Grunge/ Minimalism” NY Downtown Scene of 90’s fashion photography, art and skate culture, Havana also participated in Sonic Youth’s seminal <i>Sugar Cane</i> video. </p>\n<p>\n</p>\n<p>Havana has held posts at a number of publications over the years as Contributing Fashion Editor i-D Magazine (1996-2014), Fashion Director Nylon Magazine (1998-2000), Senior Fashion Editor Nova Magazine ( 2000-2002),  Contributing Fashion Editor Teen Vogue Magazine ( 2004-2015),  Fashion Director Let’s Panic Magazine ( 2014- present) as well as contributed as freelance editor to numerous global publications: American Vogue, Vogue Japan, Vogue Italia, W Korea and more.</p>\n<p>\n</p>\n<p>Throughout her career, Havana has collaborated on product design and branded content for fashion brands Gucci, DKNY, Yohji Yamamoto, Romeo Gigli, Cerrutti 1881, Victoria’s Secret, Calvin Klein, Michael Kors, Kate and Jack Spade, Levi’s, Barneys New York, Sephora, and Shinsegae.</p>\n<p>\n</p>\n<p>Havana’s interest in Cinema, Documentary, Fine Art and Fashion photography has led to collaborations with Bruce Weber, Alasdair McClellan, Patrick Demarchelier, Jim Goldberg, Roe Ethridge, Karim Sadli, Colin Dodgson, Theo Wenner, Yelena Yemchuk to name but a few. </p>\n<p>\n</p>\n<p>Contemporary art and youth culture have consistently informed Havana’s vision and she believes strongly in the role this now plays within the fashion community. From casting, to product design and marketing initiatives Havana believes that paying close attention to emerging cultural trends is essential to the successful development, creation and sharing of branded content across all channels of communication.</p>\n<p>\n</p>\n<p>As a natural extension of her work as an editor and stylist, Havana has recently redirected her focus from publishing to marketing. Her extensive experience in curating branded content for a multitude of editorial platforms and working with creative teams on product initiatives have proven to be a strong asset for successful partnerships. </p>\n<p>\n</p>\n<p>In 2016 Havana co founded BeGood Studios, a new breed of creative and marketing agency, a collective of artists, filmmakers and photographers that aims to unite contemporary art, culture and relevancy to brand identity.</p>', 'hello@havanalafiette.com', '195 Chrystie St\r\nSuite 602A\r\nNew York, NY 10002', NULL, NULL, '2018-01-26 11:19:57', '2018-01-29 14:30:37', '2fc9fcae-12af-4410-adee-ec271dc9a9aa'),
 ('6', '6', 'en_us', 'Screen Shot 2018 01 26 At 11 20 50', NULL, NULL, NULL, NULL, NULL, NULL, NULL, '2018-01-26 11:29:17', '2018-01-26 11:29:17', '9e7c55a0-5742-49b5-b0e3-decc9d58f1e8'),
 ('7', '7', 'en_us', 'Screen Shot 2018 01 26 At 11 20 59', NULL, NULL, NULL, NULL, NULL, NULL, NULL, '2018-01-26 11:29:30', '2018-01-26 11:29:30', '5efd6105-864b-40c8-8bee-e7ec09ab4335'),
 ('8', '10', 'en_us', 'Screen Shot 2018 01 26 At 11 21 06', NULL, NULL, NULL, NULL, NULL, NULL, NULL, '2018-01-26 11:30:20', '2018-01-26 11:30:20', '74c65ddf-2ad5-4d9f-89b5-e2c1e38e3cc8'),
 ('11', '13', 'en_us', 'Fashion', NULL, NULL, NULL, NULL, NULL, NULL, NULL, '2018-01-26 11:31:36', '2018-01-26 11:31:36', '89327749-fa9c-4585-bea1-6690de684e14'),
 ('12', '14', 'en_us', 'Advertising', NULL, NULL, NULL, NULL, NULL, NULL, NULL, '2018-01-26 11:31:48', '2018-01-26 11:31:48', 'b60cfad8-b926-45a6-b434-30e88fad9bf2'),
 ('13', '18', 'en_us', 'Hl Id Vlada 001', NULL, NULL, NULL, NULL, NULL, NULL, NULL, '2018-01-29 14:32:26', '2018-01-29 14:32:26', '0311c658-813e-4f09-8cd4-3a0b978d3d82'),
 ('14', '19', 'en_us', 'Hl Id Vlada 003', NULL, NULL, NULL, NULL, NULL, NULL, NULL, '2018-01-29 14:32:27', '2018-01-29 14:32:27', '4d714f87-d95b-49b5-a148-74be212b1363'),
 ('15', '20', 'en_us', 'Hl Id Vlada 005', NULL, NULL, NULL, NULL, NULL, NULL, NULL, '2018-01-29 14:32:28', '2018-01-29 14:32:28', '195226a3-4c00-4d69-a746-0d7a86d06917'),
 ('16', '21', 'en_us', 'Hl Id Vlada 007', NULL, NULL, NULL, NULL, NULL, NULL, NULL, '2018-01-29 14:32:29', '2018-01-29 14:32:29', 'c9bad134-2e3a-42b6-b447-d76d20231bbb'),
 ('17', '22', 'en_us', 'Hl Id Vlada 010', NULL, NULL, NULL, NULL, NULL, NULL, NULL, '2018-01-29 14:32:30', '2018-01-29 14:32:30', '3ac5fa63-954c-45a7-8325-7c486493e8f4'),
 ('18', '23', 'en_us', 'Hl Id Vlada 011', NULL, NULL, NULL, NULL, NULL, NULL, NULL, '2018-01-29 14:32:30', '2018-01-29 14:32:30', 'a4413a52-1496-4b5e-a3e4-37be4a03518a'),
 ('19', '24', 'en_us', 'Hl Id Vlada 013', NULL, NULL, NULL, NULL, NULL, NULL, NULL, '2018-01-29 14:32:31', '2018-01-29 14:32:31', '1948d1dd-94e6-40dc-a0c1-324a8b3e0993'),
 ('20', '25', 'en_us', 'Hl Id Vlada 014', NULL, NULL, NULL, NULL, NULL, NULL, NULL, '2018-01-29 14:32:32', '2018-01-29 14:32:32', '80d1edaf-27a5-42fd-911f-64e029af088a'),
 ('21', '26', 'en_us', 'Hl Id Vlada 016', NULL, NULL, NULL, NULL, NULL, NULL, NULL, '2018-01-29 14:32:34', '2018-01-29 14:32:34', '15b21dfc-02ec-454b-9b5b-1ef96be07154'),
 ('22', '27', 'en_us', 'I-D Nick Haymes: September 2005', NULL, NULL, NULL, NULL, NULL, 'I-D \r\nNick Haymes \r\nSeptember 2005', NULL, '2018-01-29 14:32:38', '2018-03-05 17:05:30', 'e6e3bfc1-a875-4b2d-843f-26ff250f729d'),
 ('23', '28', 'en_us', 'Hl Id March06 001', NULL, NULL, NULL, NULL, NULL, NULL, NULL, '2018-01-29 14:32:59', '2018-01-29 14:32:59', '400323fb-f49e-465f-92e7-6c088cf908c2'),
 ('24', '29', 'en_us', 'Hl Id March06 002', NULL, NULL, NULL, NULL, NULL, NULL, NULL, '2018-01-29 14:33:00', '2018-01-29 14:33:00', 'a2baa853-03ca-4695-9d65-a4718740efbe'),
 ('25', '30', 'en_us', 'Hl Id March06 003', NULL, NULL, NULL, NULL, NULL, NULL, NULL, '2018-01-29 14:33:01', '2018-01-29 14:33:01', '8abd6338-6b32-4812-9823-f3ac6e4ddb64'),
 ('26', '31', 'en_us', 'Hl Id March06 004', NULL, NULL, NULL, NULL, NULL, NULL, NULL, '2018-01-29 14:33:02', '2018-01-29 14:33:02', 'b314c031-5312-4a79-aba0-627473c17fee'),
 ('27', '32', 'en_us', 'Hl Id March06 005', NULL, NULL, NULL, NULL, NULL, NULL, NULL, '2018-01-29 14:33:03', '2018-01-29 14:33:03', '3a51c512-7847-4591-8339-d31e698d0e5a'),
 ('28', '33', 'en_us', 'Hl Id March06 006', NULL, NULL, NULL, NULL, NULL, NULL, NULL, '2018-01-29 14:33:04', '2018-01-29 14:33:04', '86522221-bcd9-4264-8c5b-d7f1ca58d9f2'),
 ('29', '34', 'en_us', 'Hl Id March06 007', NULL, NULL, NULL, NULL, NULL, NULL, NULL, '2018-01-29 14:33:05', '2018-01-29 14:33:05', '3ec2a5b8-48e4-4736-9ca5-aabcbf5a697d'),
 ('30', '35', 'en_us', 'Hl Id March06 008', NULL, NULL, NULL, NULL, NULL, NULL, NULL, '2018-01-29 14:33:06', '2018-01-29 14:33:06', '165388b7-a714-4f6b-bd8a-a6749562eb97'),
 ('31', '36', 'en_us', 'i-D Nick Haymes: March 2006', NULL, NULL, NULL, NULL, NULL, 'i-D \r\nNick Haymes\r\nMarch 2006', NULL, '2018-01-29 14:33:10', '2018-03-05 17:05:43', 'd610570c-b4a3-421d-8281-1c1c8668540b'),
 ('32', '37', 'en_us', 'Big Magazine 1997 Terry Richardson 22 Big Cult22 1', NULL, NULL, NULL, NULL, NULL, NULL, NULL, '2018-01-29 14:33:50', '2018-01-29 14:33:50', '9280b2e4-1b0c-4810-ad80-32cb8debb459'),
 ('33', '38', 'en_us', 'Big Magazine 1997 Terry Richardson 22 Big Cult22 2', NULL, NULL, NULL, NULL, NULL, NULL, NULL, '2018-01-29 14:33:50', '2018-01-29 14:33:50', '7fa31255-b675-4709-a048-7e7fdb893a53'),
 ('34', '39', 'en_us', 'Big Magazine 1997 Terry Richardson 22 Big Cult22 3', NULL, NULL, NULL, NULL, NULL, NULL, NULL, '2018-01-29 14:33:51', '2018-01-29 14:33:51', '36953df9-7db4-4952-8c5c-676b460a9280'),
 ('35', '40', 'en_us', 'Big Magazine: Terry Richardson', NULL, NULL, NULL, NULL, NULL, 'BIG Magazine\r\nTerry Richardson', NULL, '2018-01-29 14:33:57', '2018-03-05 17:04:27', 'c7184b5f-ad8a-4f9c-a8a4-fc5a4bc48125'),
 ('36', '41', 'en_us', 'Amy230X290 Copy', NULL, NULL, NULL, NULL, NULL, NULL, NULL, '2018-01-29 14:34:24', '2018-01-29 14:34:24', '73c9d909-d8bc-45d4-8efc-21171838c3be'),
 ('37', '42', 'en_us', 'Angel 230X290', NULL, NULL, NULL, NULL, NULL, NULL, NULL, '2018-01-29 14:34:29', '2018-01-29 14:34:29', 'ee633d19-1af4-433e-b7f0-9997ee904827'),
 ('38', '43', 'en_us', 'Davide Sorrenti', NULL, NULL, NULL, NULL, NULL, '', NULL, '2018-01-29 14:34:34', '2018-01-29 14:34:34', 'ea4050b2-d23f-49b9-881e-48651f16dd73'),
 ('39', '44', 'en_us', '1010 Harpersbazaar Korea Fashionmime Hle 001', NULL, NULL, NULL, NULL, NULL, NULL, NULL, '2018-01-29 14:34:54', '2018-01-29 14:34:54', '2a63d187-f1c2-4e8b-b0f4-be93e66f8e33'),
 ('40', '45', 'en_us', '1010 Harpersbazaar Korea Fashionmime Hle 002', NULL, NULL, NULL, NULL, NULL, NULL, NULL, '2018-01-29 14:34:55', '2018-01-29 14:34:55', '0a9f27ce-b86d-4df2-b57f-30d7e3bbe7c4'),
 ('41', '46', 'en_us', '1010 Harpersbazaar Korea Fashionmime Hle 003', NULL, NULL, NULL, NULL, NULL, NULL, NULL, '2018-01-29 14:34:56', '2018-01-29 14:34:56', '999e70ed-5dda-4f31-bb70-d4fbfa8ff55c'),
 ('42', '47', 'en_us', '1010 Harpersbazaar Korea Fashionmime Hle 004', NULL, NULL, NULL, NULL, NULL, NULL, NULL, '2018-01-29 14:34:57', '2018-01-29 14:34:57', '90ec4eaf-b7f8-4890-97c0-901e2793ee0e'),
 ('43', '48', 'en_us', '1010 Harpersbazaar Korea Fashionmime Hle 005', NULL, NULL, NULL, NULL, NULL, NULL, NULL, '2018-01-29 14:34:57', '2018-01-29 14:34:57', '1de9814f-eb25-4ff5-bb4a-e905b1ef5008'),
 ('44', '49', 'en_us', '1010 Harpersbazaar Korea Fashionmime Hle 006', NULL, NULL, NULL, NULL, NULL, NULL, NULL, '2018-01-29 14:34:58', '2018-01-29 14:34:58', '18742936-d3d6-4f78-81f4-2544f54fad05'),
 ('45', '50', 'en_us', '1010 Harpersbazaar Korea Fashionmime Hle 007', NULL, NULL, NULL, NULL, NULL, NULL, NULL, '2018-01-29 14:34:59', '2018-01-29 14:34:59', '9ef4e24d-b15c-4c0f-b7da-97106e3f3fe1'),
 ('46', '51', 'en_us', '1010 Harpersbazaar Korea Fashionmime Hle 008', NULL, NULL, NULL, NULL, NULL, NULL, NULL, '2018-01-29 14:35:00', '2018-01-29 14:35:00', '66a52c13-59a6-40cc-b896-016d546fc9c7'),
 ('47', '52', 'en_us', '1010 Harpersbazaar Korea Fashionmime Hle 009', NULL, NULL, NULL, NULL, NULL, NULL, NULL, '2018-01-29 14:35:01', '2018-01-29 14:35:01', '812719f6-2b0c-4317-a730-5b3aef329caf'),
 ('48', '53', 'en_us', 'Harpers Bazaar Korea: Yelena Yemchuk', NULL, NULL, NULL, NULL, NULL, 'Harpers Bazaar Korea\r\nYelena Yemchuk', NULL, '2018-01-29 14:35:08', '2018-03-05 17:05:04', '9ec061fb-d103-4cb3-8047-4699aec53164'),
 ('49', '54', 'en_us', 'Hl Mens Streeters Pdf 24 3', NULL, NULL, NULL, NULL, NULL, NULL, NULL, '2018-01-29 14:35:23', '2018-01-29 14:35:23', '9e16c78c-a909-42c2-895e-1a7b8db24e8d'),
 ('50', '55', 'en_us', 'Hl Mens Streeters Pdf 25 3', NULL, NULL, NULL, NULL, NULL, NULL, NULL, '2018-01-29 14:35:24', '2018-01-29 14:35:24', 'c73bf944-2e19-499d-ac36-4c954d7c95ea'),
 ('51', '56', 'en_us', 'Hl Mens Streeters Pdf 26 3', NULL, NULL, NULL, NULL, NULL, NULL, NULL, '2018-01-29 14:35:24', '2018-01-29 14:35:24', 'cd550d59-e0e1-48b9-ad3b-b5179f22fd1d'),
 ('52', '57', 'en_us', 'Hl Mens Streeters Pdf 27 3', NULL, NULL, NULL, NULL, NULL, NULL, NULL, '2018-01-29 14:35:25', '2018-01-29 14:35:25', '92267de6-c641-40f2-94d9-47babe5d6161'),
 ('53', '58', 'en_us', 'Hl Mens Streeters Pdf 28 3', NULL, NULL, NULL, NULL, NULL, NULL, NULL, '2018-01-29 14:35:25', '2018-01-29 14:35:25', 'b4fd956b-c4c4-43a9-8780-d7731206f8b1'),
 ('54', '59', 'en_us', 'Hl Mens Streeters Pdf 29 3', NULL, NULL, NULL, NULL, NULL, NULL, NULL, '2018-01-29 14:35:26', '2018-01-29 14:35:26', '88f0cd7d-60e4-46da-b05e-441068c3dff0'),
 ('55', '60', 'en_us', 'Barneys: Leigh Ledare', NULL, NULL, NULL, NULL, NULL, 'Barneys\r\nLeigh Ledare', NULL, '2018-01-29 14:35:31', '2018-03-05 17:06:03', '86c2cf47-e7d9-4086-9193-49abb8e4fba6'),
 ('56', '61', 'en_us', '5X7 Pr Perf 9 3', NULL, NULL, NULL, NULL, NULL, NULL, NULL, '2018-01-29 14:35:52', '2018-01-29 14:35:52', '4b2ca64e-abb3-446e-8df1-e82296f25b06'),
 ('57', '62', 'en_us', '5X7 Pr Perf 29 3', NULL, NULL, NULL, NULL, NULL, NULL, NULL, '2018-01-29 14:35:53', '2018-01-29 14:35:53', 'd906e482-044d-4514-b727-4de7f4c9d19d'),
 ('58', '63', 'en_us', '5X7 Pr Perf 31 3', NULL, NULL, NULL, NULL, NULL, NULL, NULL, '2018-01-29 14:35:53', '2018-01-29 14:35:53', 'ef6dacf7-570c-45c8-94d0-605b125bebd9'),
 ('59', '64', 'en_us', '5X7 Pr Perf 33 3', NULL, NULL, NULL, NULL, NULL, NULL, NULL, '2018-01-29 14:35:54', '2018-01-29 14:35:54', 'fe314ea1-ceb9-42f4-9102-7d7ef4c6f10d'),
 ('60', '65', 'en_us', 'Ck2 3', NULL, NULL, NULL, NULL, NULL, NULL, NULL, '2018-01-29 14:35:54', '2018-01-29 14:35:54', 'ebab06dc-2350-4df4-93f3-2a7e8536e725'),
 ('61', '66', 'en_us', 'Ck3 3', NULL, NULL, NULL, NULL, NULL, NULL, NULL, '2018-01-29 14:35:55', '2018-01-29 14:35:55', '32d2dd68-2059-4113-8baf-fdfe3250bf19'),
 ('62', '67', 'en_us', 'Ck4 3', NULL, NULL, NULL, NULL, NULL, NULL, NULL, '2018-01-29 14:35:55', '2018-01-29 14:35:55', 'd965742c-da06-4b30-bf98-493c75000441'),
 ('63', '68', 'en_us', 'Ck5 3', NULL, NULL, NULL, NULL, NULL, NULL, NULL, '2018-01-29 14:35:56', '2018-01-29 14:35:56', '11e5d05b-9b18-4257-943a-9eb4e1f098d4'),
 ('64', '69', 'en_us', 'Calvin Klein Performance SS16: Boo George', NULL, NULL, NULL, NULL, NULL, 'Calvin Klein \r\nPerformance SS16\r\nBoo George', NULL, '2018-01-29 14:36:08', '2018-03-05 17:06:16', 'bcf6f988-7288-4a45-8406-99a35dc923c4'),
 ('65', '70', 'en_us', '13 Spring Jack Spade Ad Hle 001', NULL, NULL, NULL, NULL, NULL, NULL, NULL, '2018-01-29 14:36:25', '2018-01-29 14:36:25', 'eb139bb6-a239-4421-bd8a-4fd0460847c5'),
 ('66', '71', 'en_us', '13 Spring Jack Spade Ad Hle 002', NULL, NULL, NULL, NULL, NULL, NULL, NULL, '2018-01-29 14:36:27', '2018-01-29 14:36:27', '3a50a67c-2aa0-4440-8a83-7b7f1ff2c3fc'),
 ('67', '72', 'en_us', '13 Spring Jack Spade Ad Hle 003', NULL, NULL, NULL, NULL, NULL, NULL, NULL, '2018-01-29 14:36:28', '2018-01-29 14:36:28', 'adafd25d-09b0-4177-bb46-e942155d40e9'),
 ('68', '73', 'en_us', '13 Spring Jack Spade Ad Hle 004', NULL, NULL, NULL, NULL, NULL, NULL, NULL, '2018-01-29 14:36:29', '2018-01-29 14:36:29', 'ce06eac4-0166-4d7d-8935-f37ed4077679'),
 ('69', '74', 'en_us', '13 Spring Jack Spade Ad Hle 005', NULL, NULL, NULL, NULL, NULL, NULL, NULL, '2018-01-29 14:36:30', '2018-01-29 14:36:30', '6e16b4bd-956a-4968-8c7b-c8120cc876f4'),
 ('70', '75', 'en_us', '13 Spring Jack Spade Ad Hle 006', NULL, NULL, NULL, NULL, NULL, NULL, NULL, '2018-01-29 14:36:32', '2018-01-29 14:36:32', '07181442-135f-40c7-becf-cfdfa83ae6a6'),
 ('71', '76', 'en_us', '13 Spring Jack Spade Ad Hle 007', NULL, NULL, NULL, NULL, NULL, NULL, NULL, '2018-01-29 14:36:33', '2018-01-29 14:36:33', 'b25e144e-3306-4c3f-b765-5e603d603af9'),
 ('72', '77', 'en_us', '13 Spring Jack Spade Ad Hle 008', NULL, NULL, NULL, NULL, NULL, NULL, NULL, '2018-01-29 14:36:35', '2018-01-29 14:36:35', 'e85527d5-d9c6-48a4-9afa-2cf7743a859f'),
 ('73', '78', 'en_us', '13 Spring Jack Spade Ad Hle 009', NULL, NULL, NULL, NULL, NULL, NULL, NULL, '2018-01-29 14:36:36', '2018-01-29 14:36:36', '2882ccdb-ae01-4679-b1f4-cf4cd75661b5'),
 ('74', '79', 'en_us', '13 Spring Jack Spade Ad Hle 010', NULL, NULL, NULL, NULL, NULL, NULL, NULL, '2018-01-29 14:36:37', '2018-01-29 14:36:37', '40d55ca4-38d1-44da-8e94-1e6c7b7ac596'),
 ('75', '80', 'en_us', '13 Spring Jack Spade Ad Hle 011', NULL, NULL, NULL, NULL, NULL, NULL, NULL, '2018-01-29 14:36:39', '2018-01-29 14:36:39', '9711b438-c7e1-4a0f-90bb-59e0b06c049e'),
 ('76', '81', 'en_us', '13 Spring Jack Spade Ad Hle 012', NULL, NULL, NULL, NULL, NULL, NULL, NULL, '2018-01-29 14:36:40', '2018-01-29 14:36:40', '9b99b836-b603-4610-9e77-20e4402b9845'),
 ('77', '82', 'en_us', '13 Spring Jack Spade Ad Hle 013', NULL, NULL, NULL, NULL, NULL, NULL, NULL, '2018-01-29 14:36:41', '2018-01-29 14:36:41', '22ebd988-6e74-414a-a4cc-39b7d7c02511'),
 ('78', '83', 'en_us', '13 Spring Jack Spade Ad Hle 014', NULL, NULL, NULL, NULL, NULL, NULL, NULL, '2018-01-29 14:36:42', '2018-01-29 14:36:42', '831d186f-4d79-4255-9518-c8e4192e3eac'),
 ('79', '84', 'en_us', '13 Spring Jack Spade Ad Hle 015', NULL, NULL, NULL, NULL, NULL, NULL, NULL, '2018-01-29 14:36:43', '2018-01-29 14:36:43', '4c58c091-5c0a-43ed-90dc-dc279ae71bbf'),
 ('80', '85', 'en_us', 'Jack Spade', NULL, NULL, NULL, NULL, NULL, '', NULL, '2018-01-29 14:36:49', '2018-01-29 14:36:49', '8414944c-94bd-46f4-8a06-10964301ac20'),
 ('81', '86', 'en_us', 'Boo George Hi Res 1 1 3', NULL, NULL, NULL, NULL, NULL, NULL, NULL, '2018-01-29 14:47:00', '2018-01-29 14:47:00', '9cd77923-daae-40a7-bd6b-7e92347284de'),
 ('82', '87', 'en_us', 'Nick Haymes Lets Panic Hirez014 3', NULL, NULL, NULL, NULL, NULL, NULL, NULL, '2018-01-29 14:47:48', '2018-01-29 14:47:48', 'bcf5b811-abbd-4fb1-b2b0-4436da88b7e2'),
 ('83', '88', 'en_us', 'Havana3', NULL, NULL, NULL, NULL, NULL, NULL, NULL, '2018-01-29 14:49:45', '2018-01-29 14:49:45', 'e5a4654f-a6f1-4962-9c44-0c4154197a79'),
 ('84', '89', 'en_us', 'Havana4', NULL, NULL, NULL, NULL, NULL, NULL, NULL, '2018-01-29 14:50:27', '2018-01-29 14:50:27', '817d5309-142d-49e2-9942-465b901455b9'),
 ('85', '93', 'en_us', 'Creative Direction', NULL, NULL, NULL, NULL, NULL, NULL, NULL, '2018-03-05 16:56:21', '2018-03-05 16:56:21', '58ac079c-bb87-424f-8c30-2ea85987fcca'),
 ('86', '94', 'en_us', '1506 Interview Germany Amber Heard Hle 001', NULL, NULL, NULL, NULL, NULL, NULL, NULL, '2018-03-05 17:07:44', '2018-03-05 17:07:44', '3daf9a26-f10e-43e9-99f7-c950693e87d4'),
 ('87', '95', 'en_us', '1506 Interview Germany Amber Heard Hle 002', NULL, NULL, NULL, NULL, NULL, NULL, NULL, '2018-03-05 17:07:46', '2018-03-05 17:07:46', 'f1ce03ef-5714-455e-b365-1937029b6312'),
 ('88', '96', 'en_us', '1506 Interview Germany Amber Heard Hle 003', NULL, NULL, NULL, NULL, NULL, NULL, NULL, '2018-03-05 17:07:50', '2018-03-05 17:07:50', '8ea07910-a1fb-4d22-b907-ad475ef28cd5'),
 ('89', '97', 'en_us', '1506 Interview Germany Amber Heard Hle 004', NULL, NULL, NULL, NULL, NULL, NULL, NULL, '2018-03-05 17:07:53', '2018-03-05 17:07:53', '43ae9b0d-a640-4257-a62c-002cb2b0c348'),
 ('90', '98', 'en_us', '1506 Interview Germany Amber Heard Hle 005', NULL, NULL, NULL, NULL, NULL, NULL, NULL, '2018-03-05 17:07:57', '2018-03-05 17:07:57', '1bc579fc-84d0-41c3-8eda-43525f09ef06'),
 ('91', '99', 'en_us', '1506 Interview Germany Amber Heard Hle 006', NULL, NULL, NULL, NULL, NULL, NULL, NULL, '2018-03-05 17:08:00', '2018-03-05 17:08:00', '31012d72-c203-4212-af25-fef776b32a50'),
 ('92', '100', 'en_us', '1506 Interview Germany Amber Heard Hle 007', NULL, NULL, NULL, NULL, NULL, NULL, NULL, '2018-03-05 17:08:05', '2018-03-05 17:08:05', '4dae54e8-369e-4ba7-85b5-e8bf45c12b90'),
 ('93', '101', 'en_us', '1506 Interview Germany Amber Heard Hle 008', NULL, NULL, NULL, NULL, NULL, NULL, NULL, '2018-03-05 17:08:08', '2018-03-05 17:08:08', '0b936e16-e482-4e2f-bf7f-b36a39281da1'),
 ('94', '102', 'en_us', '1506 Interview Germany Amber Heard Hle 009', NULL, NULL, NULL, NULL, NULL, NULL, NULL, '2018-03-05 17:08:20', '2018-03-05 17:08:20', '292fa909-8a34-41d7-93e9-f416cd42fa41'),
 ('95', '103', 'en_us', 'Interview Magazine: Terry Richardson', NULL, NULL, NULL, NULL, NULL, 'Interview Magazine\r\nTerry Richardson', NULL, '2018-03-05 17:09:19', '2018-03-05 17:09:19', '9148275a-ce3e-4ba1-87c7-8e520d40cfcd'),
 ('96', '104', 'en_us', '16 Fw Lofficiel Hommes Italia Cover The Smell Of Us Rfo Hle Amonsy Ton 01', NULL, NULL, NULL, NULL, NULL, NULL, NULL, '2018-03-05 17:10:33', '2018-03-05 17:10:33', 'beb3a08e-b0e6-405e-8603-5fa171b1e4eb'),
 ('97', '105', 'en_us', '16 Fw Lofficiel Hommes Italia Cover The Smell Of Us Rfo Hle Amonsy Ton 02', NULL, NULL, NULL, NULL, NULL, NULL, NULL, '2018-03-05 17:10:38', '2018-03-05 17:10:38', 'e1bde780-4b04-436f-82ba-3091599c297e'),
 ('98', '106', 'en_us', '16 Fw Lofficiel Hommes Italia Cover The Smell Of Us Rfo Hle Amonsy Ton 04', NULL, NULL, NULL, NULL, NULL, NULL, NULL, '2018-03-05 17:10:56', '2018-03-05 17:10:56', 'ca09f525-ba27-46df-a40a-5471ec52c5a9'),
 ('99', '107', 'en_us', '16 Fw Lofficiel Hommes Italia Cover The Smell Of Us Rfo Hle Amonsy Ton 06', NULL, NULL, NULL, NULL, NULL, NULL, NULL, '2018-03-05 17:10:58', '2018-03-05 17:10:58', '9f55c64c-b20e-4dce-88dd-84f27a5c67a4'),
 ('100', '108', 'en_us', '16 Fw Lofficiel Hommes Italia Cover The Smell Of Us Rfo Hle Amonsy Ton 07', NULL, NULL, NULL, NULL, NULL, NULL, NULL, '2018-03-05 17:11:03', '2018-03-05 17:11:03', 'de10304e-f4f0-4c5f-a11e-efae6b425f5b'),
 ('101', '109', 'en_us', '16 Fw Lofficiel Hommes Italia Cover The Smell Of Us Rfo Hle Amonsy Ton 09', NULL, NULL, NULL, NULL, NULL, NULL, NULL, '2018-03-05 17:11:06', '2018-03-05 17:11:06', '7450b12b-6f6a-4e34-90d4-6c7f9cdf6d2c'),
 ('102', '110', 'en_us', '16 Fw Lofficiel Hommes Italia Cover The Smell Of Us Rfo Hle Amonsy Ton 10', NULL, NULL, NULL, NULL, NULL, NULL, NULL, '2018-03-05 17:11:08', '2018-03-05 17:11:08', 'd72f9717-13d4-46f9-a3e6-34247bb9bbfd'),
 ('103', '111', 'en_us', '16 Fw Lofficiel Hommes Italia Cover The Smell Of Us Rfo Hle Amonsy Ton 12', NULL, NULL, NULL, NULL, NULL, NULL, NULL, '2018-03-05 17:11:10', '2018-03-05 17:11:10', '25c02aad-5b26-44e7-83f1-ecedff3a3ce6');
INSERT INTO `craft_content` (`id`, `elementId`, `locale`, `title`, `field_tagline`, `field_instagramUrl`, `field_bio`, `field_emailAddress`, `field_mailingAddress`, `field_multilineTitle`, `field_description`, `dateCreated`, `dateUpdated`, `uid`) VALUES
 ('104', '112', 'en_us', '16 Fw Lofficiel Hommes Italia Cover The Smell Of Us Rfo Hle Amonsy Ton 13', NULL, NULL, NULL, NULL, NULL, NULL, NULL, '2018-03-05 17:11:13', '2018-03-05 17:11:13', '43d8fa3e-8c06-44d5-94cb-a0d7ebc8dffa'),
 ('105', '113', 'en_us', '16 Fw Lofficiel Hommes Italia Cover The Smell Of Us Rfo Hle Amonsy Ton 15', NULL, NULL, NULL, NULL, NULL, NULL, NULL, '2018-03-05 17:11:15', '2018-03-05 17:11:15', '405216ed-62e0-4cd5-849a-cc111664835f'),
 ('106', '114', 'en_us', '16 Fw Lofficiel Hommes Italia Cover The Smell Of Us Rfo Hle Amonsy Ton 16', NULL, NULL, NULL, NULL, NULL, NULL, NULL, '2018-03-05 17:11:16', '2018-03-05 17:11:16', '960301df-1e7f-4390-93b7-6ae0f71f2988'),
 ('107', '115', 'en_us', '16 Fw Lofficiel Hommes Italia Cover The Smell Of Us Rfo Hle Amonsy Ton 18', NULL, NULL, NULL, NULL, NULL, NULL, NULL, '2018-03-05 17:11:18', '2018-03-05 17:11:18', '79d92121-69ce-4094-8baf-5ff8153b3e2d'),
 ('108', '116', 'en_us', '16 Fw Lofficiel Hommes Italia Cover The Smell Of Us Rfo Hle Amonsy Ton 19', NULL, NULL, NULL, NULL, NULL, NULL, NULL, '2018-03-05 17:11:20', '2018-03-05 17:11:20', '6bd056b0-5dd1-4763-b8ab-c775367c33dc'),
 ('109', '117', 'en_us', '16 Fw Lofficiel Hommes Italia Cover The Smell Of Us Rfo Hle Amonsy Ton 21', NULL, NULL, NULL, NULL, NULL, NULL, NULL, '2018-03-05 17:11:22', '2018-03-05 17:11:22', 'ba8535ce-298f-4f3e-89cc-7387ed458af6');



DROP TABLE IF EXISTS `craft_deprecationerrors`;


--
-- Schema for table `craft_deprecationerrors`
--
CREATE TABLE `craft_deprecationerrors` (
  `id` int(11) NOT NULL AUTO_INCREMENT,
  `key` varchar(255) COLLATE utf8_unicode_ci NOT NULL,
  `fingerprint` varchar(255) COLLATE utf8_unicode_ci NOT NULL,
  `lastOccurrence` datetime NOT NULL,
  `file` varchar(255) COLLATE utf8_unicode_ci NOT NULL,
  `line` smallint(6) unsigned NOT NULL,
  `class` varchar(255) COLLATE utf8_unicode_ci DEFAULT NULL,
  `method` varchar(255) COLLATE utf8_unicode_ci DEFAULT NULL,
  `template` varchar(255) COLLATE utf8_unicode_ci DEFAULT NULL,
  `templateLine` smallint(6) unsigned DEFAULT NULL,
  `message` varchar(255) COLLATE utf8_unicode_ci DEFAULT NULL,
  `traces` text COLLATE utf8_unicode_ci,
  `dateCreated` datetime NOT NULL,
  `dateUpdated` datetime NOT NULL,
  `uid` char(36) COLLATE utf8_unicode_ci NOT NULL DEFAULT '0',
  PRIMARY KEY (`id`),
  UNIQUE KEY `craft_deprecationerrors_key_fingerprint_unq_idx` (`key`,`fingerprint`)
) ENGINE=InnoDB DEFAULT CHARSET=utf8 COLLATE=utf8_unicode_ci;

DROP TABLE IF EXISTS `craft_elementindexsettings`;


--
-- Schema for table `craft_elementindexsettings`
--
CREATE TABLE `craft_elementindexsettings` (
  `id` int(11) NOT NULL AUTO_INCREMENT,
  `type` varchar(150) COLLATE utf8_unicode_ci NOT NULL,
  `settings` text COLLATE utf8_unicode_ci,
  `dateCreated` datetime NOT NULL,
  `dateUpdated` datetime NOT NULL,
  `uid` char(36) COLLATE utf8_unicode_ci NOT NULL DEFAULT '0',
  PRIMARY KEY (`id`),
  UNIQUE KEY `craft_elementindexsettings_type_unq_idx` (`type`)
) ENGINE=InnoDB AUTO_INCREMENT=4 DEFAULT CHARSET=utf8 COLLATE=utf8_unicode_ci;

--
-- Data for table `craft_elementindexsettings`
--

INSERT INTO `craft_elementindexsettings` (`id`, `type`, `settings`, `dateCreated`, `dateUpdated`, `uid`) VALUES
 ('1', 'Entry', '{\"sources\":{\"section:3\":{\"tableAttributes\":{\"1\":\"field:20\"}},\"singles\":{\"tableAttributes\":[]}}}', '2018-01-26 11:32:14', '2018-02-06 11:53:56', '71146fa9-44d0-47db-b778-315434dc89db'),
 ('3', 'Category', '{\"sources\":{\"group:1\":{\"tableAttributes\":[]}}}', '2018-02-06 11:54:28', '2018-02-06 11:54:28', 'a03f5797-1270-4987-9da2-6e87a1aa3560');



DROP TABLE IF EXISTS `craft_elements`;


--
-- Schema for table `craft_elements`
--
CREATE TABLE `craft_elements` (
  `id` int(11) NOT NULL AUTO_INCREMENT,
  `type` varchar(150) COLLATE utf8_unicode_ci NOT NULL,
  `enabled` tinyint(1) unsigned NOT NULL DEFAULT '1',
  `archived` tinyint(1) unsigned NOT NULL DEFAULT '0',
  `dateCreated` datetime NOT NULL,
  `dateUpdated` datetime NOT NULL,
  `uid` char(36) COLLATE utf8_unicode_ci NOT NULL DEFAULT '0',
  PRIMARY KEY (`id`),
  KEY `craft_elements_type_idx` (`type`),
  KEY `craft_elements_enabled_idx` (`enabled`),
  KEY `craft_elements_archived_dateCreated_idx` (`archived`,`dateCreated`)
) ENGINE=InnoDB AUTO_INCREMENT=118 DEFAULT CHARSET=utf8 COLLATE=utf8_unicode_ci;

--
-- Data for table `craft_elements`
--

INSERT INTO `craft_elements` (`id`, `type`, `enabled`, `archived`, `dateCreated`, `dateUpdated`, `uid`) VALUES
 ('1', 'User', '1', '0', '2018-01-26 11:02:40', '2018-01-26 11:02:40', 'f8b6edac-d624-451b-90cb-27b535aa844d'),
 ('2', 'Entry', '1', '0', '2018-01-26 11:02:43', '2018-01-29 14:50:38', '45ada7b2-4951-4333-9268-0f4cc63e2077'),
 ('4', 'GlobalSet', '1', '0', '2018-01-26 11:18:32', '2018-01-29 12:14:56', 'c6da8ca4-394d-495d-b1ac-05a6db6c90c5'),
 ('5', 'Entry', '1', '0', '2018-01-26 11:19:57', '2018-01-29 14:30:37', '546dd857-06bd-491e-863c-0d64a6d688a2'),
 ('6', 'Asset', '1', '0', '2018-01-26 11:29:17', '2018-01-26 11:29:17', '374598df-d55c-49a2-959d-ed8a920fc954'),
 ('7', 'Asset', '1', '0', '2018-01-26 11:29:30', '2018-01-26 11:29:30', 'c03fc596-e2b5-499d-ba36-f46f455cea9b'),
 ('9', 'MatrixBlock', '1', '0', '2018-01-26 11:29:45', '2018-01-29 14:50:38', '8910f489-82ae-40fb-9035-40e34bbdbc0f'),
 ('10', 'Asset', '1', '0', '2018-01-26 11:30:20', '2018-01-26 11:30:20', 'baedbc5d-aef6-4d39-a5ba-9508700aadf8'),
 ('13', 'Category', '1', '0', '2018-01-26 11:31:36', '2018-01-26 11:31:36', '86750905-ae58-434e-ae33-1f326faeb28f'),
 ('14', 'Category', '1', '0', '2018-01-26 11:31:48', '2018-01-26 11:31:48', '37fdfd81-0681-4faa-b399-c547886777a4'),
 ('15', 'MatrixBlock', '1', '0', '2018-01-26 14:09:23', '2018-01-29 14:30:37', '57f464fb-f60f-4772-9f82-1b71df9844c7'),
 ('16', 'MatrixBlock', '1', '0', '2018-01-26 14:09:23', '2018-01-29 14:30:37', 'dacec558-dbc2-40c8-8ef0-224b77003593'),
 ('17', 'MatrixBlock', '1', '0', '2018-01-26 14:09:23', '2018-01-29 14:30:37', 'fa51e7ca-9394-4681-bd66-fe4c0a5c1c75'),
 ('18', 'Asset', '1', '0', '2018-01-29 14:32:26', '2018-01-29 14:32:26', '2b95bdbc-2356-4098-a2d1-fc8b81ca2813'),
 ('19', 'Asset', '1', '0', '2018-01-29 14:32:27', '2018-01-29 14:32:27', '2681d641-5743-4bfe-a0bb-4c9c6ba8f1a2'),
 ('20', 'Asset', '1', '0', '2018-01-29 14:32:28', '2018-01-29 14:32:28', 'de1a8b71-da42-4e49-beee-798f357c06d6'),
 ('21', 'Asset', '1', '0', '2018-01-29 14:32:29', '2018-01-29 14:32:29', '3860257a-236d-4c59-ba83-555d032d4387'),
 ('22', 'Asset', '1', '0', '2018-01-29 14:32:30', '2018-01-29 14:32:30', '56cf1ee5-d00f-41a4-9372-8861cd95b1f1'),
 ('23', 'Asset', '1', '0', '2018-01-29 14:32:30', '2018-01-29 14:32:30', '0138b03d-adb1-4603-a59c-7711cf6dc7f7'),
 ('24', 'Asset', '1', '0', '2018-01-29 14:32:31', '2018-01-29 14:32:31', '861f6c04-d34d-47bd-b86d-7f01b6ed354c'),
 ('25', 'Asset', '1', '0', '2018-01-29 14:32:32', '2018-01-29 14:32:32', '08040d91-7704-4f18-bca4-a529a82befe1'),
 ('26', 'Asset', '1', '0', '2018-01-29 14:32:34', '2018-01-29 14:32:34', '065dfbc0-c915-439a-a3e4-d9934651009a'),
 ('27', 'Entry', '1', '0', '2018-01-29 14:32:38', '2018-03-05 17:05:30', 'c9a85166-284d-421a-8fec-665961a62dc5'),
 ('28', 'Asset', '1', '0', '2018-01-29 14:32:59', '2018-01-29 14:32:59', 'e58b28ca-bcc8-4cc4-9c16-cd57dcc957e5'),
 ('29', 'Asset', '1', '0', '2018-01-29 14:33:00', '2018-01-29 14:33:00', '126537e7-8c77-4029-baf5-e4a96d3681b0'),
 ('30', 'Asset', '1', '0', '2018-01-29 14:33:01', '2018-01-29 14:33:01', 'aea10048-a893-40f4-83cf-a127c1df9a38'),
 ('31', 'Asset', '1', '0', '2018-01-29 14:33:02', '2018-01-29 14:33:02', '7cd561d9-05f4-44c5-b3cd-594f7bbed202'),
 ('32', 'Asset', '1', '0', '2018-01-29 14:33:03', '2018-01-29 14:33:03', '1ff6716e-16a0-456e-833d-50cdae8355c6'),
 ('33', 'Asset', '1', '0', '2018-01-29 14:33:04', '2018-01-29 14:33:04', '55341143-2bf4-4e82-a496-1bbe872c8d37'),
 ('34', 'Asset', '1', '0', '2018-01-29 14:33:05', '2018-01-29 14:33:05', 'd32a7675-97cd-4d43-8fb8-7e634eed8dd9'),
 ('35', 'Asset', '1', '0', '2018-01-29 14:33:06', '2018-01-29 14:33:06', '2787fa77-2678-4923-84a7-b984884025e9'),
 ('36', 'Entry', '1', '0', '2018-01-29 14:33:10', '2018-03-05 17:05:43', 'f86a682c-80bc-48f9-a217-48f1a9c59f27'),
 ('37', 'Asset', '1', '0', '2018-01-29 14:33:50', '2018-01-29 14:33:50', 'f46babff-633b-49aa-84d0-848d0facf5ad'),
 ('38', 'Asset', '1', '0', '2018-01-29 14:33:50', '2018-01-29 14:33:50', 'be8a02d4-684c-4c7d-8f88-d5853754dd1e'),
 ('39', 'Asset', '1', '0', '2018-01-29 14:33:51', '2018-01-29 14:33:51', '0504c9ae-eb2a-4d11-8384-5327f39b4894'),
 ('40', 'Entry', '1', '0', '2018-01-29 14:33:57', '2018-03-05 17:04:27', '427603b1-a119-4bc1-8e8d-e96a2412fb2e'),
 ('41', 'Asset', '1', '0', '2018-01-29 14:34:24', '2018-01-29 14:34:24', 'a8b4a703-ef26-489f-bb62-291dd4f0cb25'),
 ('42', 'Asset', '1', '0', '2018-01-29 14:34:29', '2018-01-29 14:34:29', '9e6935ce-dd50-481c-a982-c2a30a4df137'),
 ('43', 'Entry', '1', '0', '2018-01-29 14:34:34', '2018-01-29 14:34:34', 'e3e6faed-90e8-48f0-b8db-995b21333c73'),
 ('44', 'Asset', '1', '0', '2018-01-29 14:34:54', '2018-01-29 14:34:54', 'fc46eefd-7915-469e-b49c-1d8aa19d3c53'),
 ('45', 'Asset', '1', '0', '2018-01-29 14:34:55', '2018-01-29 14:34:55', '331d159d-fd07-4bef-bbbb-2a1dc59800f0'),
 ('46', 'Asset', '1', '0', '2018-01-29 14:34:56', '2018-01-29 14:34:56', '779ff900-3a80-408e-977b-18f406971086'),
 ('47', 'Asset', '1', '0', '2018-01-29 14:34:57', '2018-01-29 14:34:57', '717d14c5-860b-4abe-a76d-418d924b1285'),
 ('48', 'Asset', '1', '0', '2018-01-29 14:34:57', '2018-01-29 14:34:57', 'd2bbce9c-2f47-4928-89dc-96c9c3c81502'),
 ('49', 'Asset', '1', '0', '2018-01-29 14:34:58', '2018-01-29 14:34:58', 'a202f13d-e4eb-401a-b6aa-15412ffda6ad'),
 ('50', 'Asset', '1', '0', '2018-01-29 14:34:59', '2018-01-29 14:34:59', 'd2f46466-e94f-4efa-b376-8960df33f6d6'),
 ('51', 'Asset', '1', '0', '2018-01-29 14:35:00', '2018-01-29 14:35:00', '482d5b81-2f37-4d34-b8e6-b775df1b546f'),
 ('52', 'Asset', '1', '0', '2018-01-29 14:35:01', '2018-01-29 14:35:01', 'fc0e8864-3d0e-4a20-9599-164bd2bceef8'),
 ('53', 'Entry', '1', '0', '2018-01-29 14:35:08', '2018-03-05 17:05:04', '3df5e4bb-54bb-4bc9-9323-83694d161a40'),
 ('54', 'Asset', '1', '0', '2018-01-29 14:35:23', '2018-01-29 14:35:23', 'ac698c35-c49e-4c7c-ba21-a58b1e90e611'),
 ('55', 'Asset', '1', '0', '2018-01-29 14:35:24', '2018-01-29 14:35:24', '756049a7-102d-40b6-99c6-b8ece8449bb7'),
 ('56', 'Asset', '1', '0', '2018-01-29 14:35:24', '2018-01-29 14:35:24', 'e9afb89c-e3a9-4eb8-8f63-aecf8c7ddb0d'),
 ('57', 'Asset', '1', '0', '2018-01-29 14:35:25', '2018-01-29 14:35:25', '01193232-8e0e-49f6-9890-c6ebfb2c9eb7'),
 ('58', 'Asset', '1', '0', '2018-01-29 14:35:25', '2018-01-29 14:35:25', 'cb712e55-3309-4d41-8300-92b8de1974db'),
 ('59', 'Asset', '1', '0', '2018-01-29 14:35:26', '2018-01-29 14:35:26', 'dbea2907-7ef9-475c-8d31-2173f81e13e1'),
 ('60', 'Entry', '1', '0', '2018-01-29 14:35:31', '2018-03-05 17:06:03', '694af957-ae29-40e6-b8cf-f8a12f460a2f'),
 ('61', 'Asset', '1', '0', '2018-01-29 14:35:52', '2018-01-29 14:35:52', '44a71b9d-ae49-438b-aef2-32206581aa93'),
 ('62', 'Asset', '1', '0', '2018-01-29 14:35:53', '2018-01-29 14:35:53', '3280f3b4-566a-4a93-8b30-5ec01fa429a3'),
 ('63', 'Asset', '1', '0', '2018-01-29 14:35:53', '2018-01-29 14:35:53', 'da9a1a98-40b8-4cc3-a8e5-93fa0e94ce9c'),
 ('64', 'Asset', '1', '0', '2018-01-29 14:35:54', '2018-01-29 14:35:54', '296045af-ff5f-4b65-814d-fa85fd33cb92'),
 ('65', 'Asset', '1', '0', '2018-01-29 14:35:54', '2018-01-29 14:35:54', 'c8672b90-058b-471e-a3c9-a3dfee3a4c7c'),
 ('66', 'Asset', '1', '0', '2018-01-29 14:35:55', '2018-01-29 14:35:55', '94bd9765-ca13-41e7-afb4-5b1c9c7d00b3'),
 ('67', 'Asset', '1', '0', '2018-01-29 14:35:55', '2018-01-29 14:35:55', '308eef69-c125-4189-bdb4-c63b3d34eecd'),
 ('68', 'Asset', '1', '0', '2018-01-29 14:35:56', '2018-01-29 14:35:56', '5e56e22c-c06e-482f-939b-30ae8582eeb1'),
 ('69', 'Entry', '1', '0', '2018-01-29 14:36:08', '2018-03-05 17:06:16', '5a32cb94-fd91-4f97-b80e-685671352649'),
 ('70', 'Asset', '1', '0', '2018-01-29 14:36:25', '2018-01-29 14:36:25', '93b62989-54f2-432f-9d91-954d3dcd9f43'),
 ('71', 'Asset', '1', '0', '2018-01-29 14:36:27', '2018-01-29 14:36:27', 'e5ee9ea7-f7f0-406b-9f48-ef475b9ad468'),
 ('72', 'Asset', '1', '0', '2018-01-29 14:36:28', '2018-01-29 14:36:28', '53f1e5c7-d5ac-4106-83b0-4cd7a8aa0bc5'),
 ('73', 'Asset', '1', '0', '2018-01-29 14:36:29', '2018-01-29 14:36:29', 'bb9c229e-ef9d-4936-ab74-eea2621e01ef'),
 ('74', 'Asset', '1', '0', '2018-01-29 14:36:30', '2018-01-29 14:36:30', 'c7b2eb53-a790-46e0-8dc3-85920d72346e'),
 ('75', 'Asset', '1', '0', '2018-01-29 14:36:32', '2018-01-29 14:36:32', '9d906d16-d83b-481f-84ed-5aae65451e52'),
 ('76', 'Asset', '1', '0', '2018-01-29 14:36:33', '2018-01-29 14:36:33', '0d98b1b6-d9ea-43c5-a861-aed2373d0e1f'),
 ('77', 'Asset', '1', '0', '2018-01-29 14:36:35', '2018-01-29 14:36:35', 'ed58d463-abcb-45af-91a5-add1919579d5'),
 ('78', 'Asset', '1', '0', '2018-01-29 14:36:36', '2018-01-29 14:36:36', '39bbd0da-dbee-474a-84c0-17d9742d6108'),
 ('79', 'Asset', '1', '0', '2018-01-29 14:36:37', '2018-01-29 14:36:37', '9535bbbe-2362-4502-a970-2666ccce4475'),
 ('80', 'Asset', '1', '0', '2018-01-29 14:36:39', '2018-01-29 14:36:39', 'fc57c8c8-0831-44c9-a1e2-41b80dbe4728'),
 ('81', 'Asset', '1', '0', '2018-01-29 14:36:40', '2018-01-29 14:36:40', '8f7a3d0a-1dda-4bdc-b3cd-e82d868f1940'),
 ('82', 'Asset', '1', '0', '2018-01-29 14:36:41', '2018-01-29 14:36:41', 'e0c19adb-e832-453f-a3eb-7a6641e8acf8'),
 ('83', 'Asset', '1', '0', '2018-01-29 14:36:42', '2018-01-29 14:36:42', '22224c55-6bdf-451a-86d6-92ca95fb920c'),
 ('84', 'Asset', '1', '0', '2018-01-29 14:36:43', '2018-01-29 14:36:43', 'e603b8e6-178b-44be-a60b-ae69dab17f89'),
 ('85', 'Entry', '1', '0', '2018-01-29 14:36:49', '2018-01-29 14:36:49', '3c313434-a973-4a1c-bf6a-76dde9fb769e'),
 ('86', 'Asset', '1', '0', '2018-01-29 14:47:00', '2018-01-29 14:47:00', 'd8027f99-6339-4590-b938-e3f586378cea'),
 ('87', 'Asset', '1', '0', '2018-01-29 14:47:48', '2018-01-29 14:47:48', '582dfd21-ffa4-4f04-99ef-b8f62556f96b'),
 ('88', 'Asset', '1', '0', '2018-01-29 14:49:45', '2018-01-29 14:49:45', '61dc291c-f07a-466e-a2c2-7f264ddfaf05'),
 ('89', 'Asset', '1', '0', '2018-01-29 14:50:27', '2018-01-29 14:50:27', '76deb9b0-5e54-4ccd-9186-c10adcb49129'),
 ('90', 'MatrixBlock', '1', '0', '2018-01-29 14:50:38', '2018-01-29 14:50:38', '1cee565f-9430-4ca7-9ac2-b1260e6893d9'),
 ('91', 'MatrixBlock', '1', '0', '2018-01-29 14:50:38', '2018-01-29 14:50:38', '707381c1-0b1f-42f0-b80f-1070438630c1'),
 ('92', 'MatrixBlock', '1', '0', '2018-01-29 14:50:38', '2018-01-29 14:50:38', '49ea731c-60d0-4837-857e-599367e419af'),
 ('93', 'Category', '1', '0', '2018-03-05 16:56:21', '2018-03-05 16:56:21', '1aaf59e5-edb8-4b16-98dd-3347eeecf938'),
 ('94', 'Asset', '1', '0', '2018-03-05 17:07:44', '2018-03-05 17:07:44', '9f7b922f-1303-41ee-a19f-a905bbef46bb'),
 ('95', 'Asset', '1', '0', '2018-03-05 17:07:46', '2018-03-05 17:07:46', 'a1e01126-dc45-47d1-b713-3b4b5432d655'),
 ('96', 'Asset', '1', '0', '2018-03-05 17:07:50', '2018-03-05 17:07:50', '3c50ef77-95ac-40e3-aa65-d86b90f5860d'),
 ('97', 'Asset', '1', '0', '2018-03-05 17:07:53', '2018-03-05 17:07:53', '64267785-48d4-4edf-ad9e-552183bcc77f'),
 ('98', 'Asset', '1', '0', '2018-03-05 17:07:57', '2018-03-05 17:07:57', '6430c17b-79d8-4daa-a63a-63dc5e621acf'),
 ('99', 'Asset', '1', '0', '2018-03-05 17:08:00', '2018-03-05 17:08:00', 'fb97fecf-b610-4379-9ab6-0732d6e35cd0'),
 ('100', 'Asset', '1', '0', '2018-03-05 17:08:05', '2018-03-05 17:08:05', '860a9549-1f85-4040-96c5-e23aedf2dfbb'),
 ('101', 'Asset', '1', '0', '2018-03-05 17:08:08', '2018-03-05 17:08:08', 'c4dae0c5-a531-4fc5-8c64-9d0233c6a34d'),
 ('102', 'Asset', '1', '0', '2018-03-05 17:08:20', '2018-03-05 17:08:20', '5e48ca78-6776-43f1-9cce-8f938b2ca873'),
 ('103', 'Entry', '1', '0', '2018-03-05 17:09:19', '2018-03-05 17:09:19', '71666cf8-bcad-460e-91e6-718e4874385e'),
 ('104', 'Asset', '1', '0', '2018-03-05 17:10:33', '2018-03-05 17:10:33', 'aa826292-9c6e-4ceb-b97b-f3c422424030');
INSERT INTO `craft_elements` (`id`, `type`, `enabled`, `archived`, `dateCreated`, `dateUpdated`, `uid`) VALUES
 ('105', 'Asset', '1', '0', '2018-03-05 17:10:38', '2018-03-05 17:10:38', '0c66c6f6-95fb-4fb5-89af-3772e408191b'),
 ('106', 'Asset', '1', '0', '2018-03-05 17:10:56', '2018-03-05 17:10:56', 'bf323815-d062-4a88-98a7-5a8904ed098e'),
 ('107', 'Asset', '1', '0', '2018-03-05 17:10:58', '2018-03-05 17:10:58', '4fd35da4-e2a0-4f9d-9ee9-ba0e56971a49'),
 ('108', 'Asset', '1', '0', '2018-03-05 17:11:03', '2018-03-05 17:11:03', 'c1fcc4ca-b1ba-40ca-b3f0-3122a84f0624'),
 ('109', 'Asset', '1', '0', '2018-03-05 17:11:06', '2018-03-05 17:11:06', 'b5de40f9-ba4e-408c-98f9-c5cf47a641a3'),
 ('110', 'Asset', '1', '0', '2018-03-05 17:11:08', '2018-03-05 17:11:08', 'b38ad6ea-2791-424c-9ea7-51e31ba508b5'),
 ('111', 'Asset', '1', '0', '2018-03-05 17:11:10', '2018-03-05 17:11:10', '3465c2b6-9dac-4098-9e7e-20ab30151b61'),
 ('112', 'Asset', '1', '0', '2018-03-05 17:11:13', '2018-03-05 17:11:13', 'fa8f6861-fbbd-43b4-9ffd-11578602cc3a'),
 ('113', 'Asset', '1', '0', '2018-03-05 17:11:15', '2018-03-05 17:11:15', '1969ffeb-8ae1-4f46-afd8-606e35076bb8'),
 ('114', 'Asset', '1', '0', '2018-03-05 17:11:16', '2018-03-05 17:11:16', '96eaa965-4a53-4d53-90bb-4418f07d2c1a'),
 ('115', 'Asset', '1', '0', '2018-03-05 17:11:18', '2018-03-05 17:11:18', '2db57b3d-c0fe-4e2a-892a-7b72c9969c88'),
 ('116', 'Asset', '1', '0', '2018-03-05 17:11:20', '2018-03-05 17:11:20', '1a5a30fb-d563-4948-b97c-1b5f902a28c5'),
 ('117', 'Asset', '1', '0', '2018-03-05 17:11:22', '2018-03-05 17:11:22', 'bd799c5a-65ce-4efc-9f68-8365dc27326a');



DROP TABLE IF EXISTS `craft_elements_i18n`;


--
-- Schema for table `craft_elements_i18n`
--
CREATE TABLE `craft_elements_i18n` (
  `id` int(11) NOT NULL AUTO_INCREMENT,
  `elementId` int(11) NOT NULL,
  `locale` char(12) COLLATE utf8_unicode_ci NOT NULL,
  `slug` varchar(255) COLLATE utf8_unicode_ci DEFAULT NULL,
  `uri` varchar(255) COLLATE utf8_unicode_ci DEFAULT NULL,
  `enabled` tinyint(1) unsigned NOT NULL DEFAULT '1',
  `dateCreated` datetime NOT NULL,
  `dateUpdated` datetime NOT NULL,
  `uid` char(36) COLLATE utf8_unicode_ci NOT NULL DEFAULT '0',
  PRIMARY KEY (`id`),
  UNIQUE KEY `craft_elements_i18n_elementId_locale_unq_idx` (`elementId`,`locale`),
  UNIQUE KEY `craft_elements_i18n_uri_locale_unq_idx` (`uri`,`locale`),
  KEY `craft_elements_i18n_slug_locale_idx` (`slug`,`locale`),
  KEY `craft_elements_i18n_enabled_idx` (`enabled`),
  KEY `craft_elements_i18n_locale_fk` (`locale`)
) ENGINE=InnoDB AUTO_INCREMENT=118 DEFAULT CHARSET=utf8 COLLATE=utf8_unicode_ci;

--
-- Data for table `craft_elements_i18n`
--

INSERT INTO `craft_elements_i18n` (`id`, `elementId`, `locale`, `slug`, `uri`, `enabled`, `dateCreated`, `dateUpdated`, `uid`) VALUES
 ('1', '1', 'en_us', '', NULL, '1', '2018-01-26 11:02:40', '2018-01-26 11:02:40', '13dc3037-8ec7-4351-af8c-0fa5b1851970'),
 ('2', '2', 'en_us', 'homepage', '__home__', '1', '2018-01-26 11:02:43', '2018-01-29 14:50:38', '10225323-7a4a-495d-b6b9-98cb290586ce'),
 ('4', '4', 'en_us', '', NULL, '1', '2018-01-26 11:18:32', '2018-01-29 12:14:56', '8d636706-3c7e-4967-aceb-b2f858a901a9'),
 ('5', '5', 'en_us', 'information', 'information', '1', '2018-01-26 11:19:57', '2018-01-29 14:30:37', 'd658b002-ff1f-46d5-a178-8d087c7da046'),
 ('6', '6', 'en_us', 'screen-shot-2018-01-26-at-11-20-50', NULL, '1', '2018-01-26 11:29:17', '2018-01-26 11:29:17', 'bbbc521d-08c9-46c4-b0eb-743530df5dea'),
 ('7', '7', 'en_us', 'screen-shot-2018-01-26-at-11-20-59', NULL, '1', '2018-01-26 11:29:30', '2018-01-26 11:29:30', 'ad3e59af-3b44-4559-af12-003d5a8346a2'),
 ('9', '9', 'en_us', '', NULL, '1', '2018-01-26 11:29:45', '2018-01-29 14:50:38', '2ffa1c53-b39c-4592-9b2e-b10440e7aead'),
 ('10', '10', 'en_us', 'screen-shot-2018-01-26-at-11-21-06', NULL, '1', '2018-01-26 11:30:20', '2018-01-26 11:30:20', 'af128631-8344-47b9-b18d-1952141d0902'),
 ('13', '13', 'en_us', 'fashion', NULL, '1', '2018-01-26 11:31:36', '2018-01-26 11:31:41', '58165c4c-dccf-4003-b516-8570f452eab4'),
 ('14', '14', 'en_us', 'advertising', NULL, '1', '2018-01-26 11:31:48', '2018-01-26 11:31:53', '51383529-80d2-42a4-8b26-6fb4ac9f3af1'),
 ('15', '15', 'en_us', '', NULL, '1', '2018-01-26 14:09:23', '2018-01-29 14:30:37', 'bc28cb45-386f-41fa-af22-50d39ea26d01'),
 ('16', '16', 'en_us', '', NULL, '1', '2018-01-26 14:09:23', '2018-01-29 14:30:37', '8f016f8f-1b31-48b5-9fbd-2b566aa7358b'),
 ('17', '17', 'en_us', '', NULL, '1', '2018-01-26 14:09:23', '2018-01-29 14:30:37', '85efc2f2-f24e-4894-acc0-f5cd4a3df1d7'),
 ('18', '18', 'en_us', 'hl-id-vlada-001', NULL, '1', '2018-01-29 14:32:26', '2018-01-29 14:32:26', '655f7642-2cb3-4529-860d-6508c073243c'),
 ('19', '19', 'en_us', 'hl-id-vlada-003', NULL, '1', '2018-01-29 14:32:27', '2018-01-29 14:32:27', '8ffbcea4-ac7d-4954-a535-4b0a57292798'),
 ('20', '20', 'en_us', 'hl-id-vlada-005', NULL, '1', '2018-01-29 14:32:28', '2018-01-29 14:32:28', 'baa621a3-2a26-4c1b-bc7b-43991a8ab186'),
 ('21', '21', 'en_us', 'hl-id-vlada-007', NULL, '1', '2018-01-29 14:32:29', '2018-01-29 14:32:29', 'd2a2dff8-7c3d-4bef-89c7-128dcd979d67'),
 ('22', '22', 'en_us', 'hl-id-vlada-010', NULL, '1', '2018-01-29 14:32:30', '2018-01-29 14:32:30', 'bae6f1ff-39a5-4cfc-a252-4031367e9ca7'),
 ('23', '23', 'en_us', 'hl-id-vlada-011', NULL, '1', '2018-01-29 14:32:30', '2018-01-29 14:32:30', 'fb9367c1-cd3b-49e1-a596-8f3fa6883044'),
 ('24', '24', 'en_us', 'hl-id-vlada-013', NULL, '1', '2018-01-29 14:32:31', '2018-01-29 14:32:31', '3699979d-eb29-4d2f-9d4f-f106968ae415'),
 ('25', '25', 'en_us', 'hl-id-vlada-014', NULL, '1', '2018-01-29 14:32:33', '2018-01-29 14:32:33', 'f2293dd5-dfe7-4e26-b3e3-98d90247d4c5'),
 ('26', '26', 'en_us', 'hl-id-vlada-016', NULL, '1', '2018-01-29 14:32:34', '2018-01-29 14:32:34', 'b2deee3c-5637-4140-80dd-abe0bbb38097'),
 ('27', '27', 'en_us', 'i-d-nick-haymes-september-2005', NULL, '1', '2018-01-29 14:32:38', '2018-03-05 17:05:30', '81d51121-b3ea-481d-99dd-416a64db8273'),
 ('28', '28', 'en_us', 'hl-id-march06-001', NULL, '1', '2018-01-29 14:32:59', '2018-01-29 14:32:59', 'a45ebdcb-55e0-4072-9f7e-d35896d4ea06'),
 ('29', '29', 'en_us', 'hl-id-march06-002', NULL, '1', '2018-01-29 14:33:00', '2018-01-29 14:33:00', '36b89464-2414-4096-a689-1bd7828a5cf4'),
 ('30', '30', 'en_us', 'hl-id-march06-003', NULL, '1', '2018-01-29 14:33:01', '2018-01-29 14:33:01', '65713770-b8a5-4f36-b0cc-eb2d4c27119d'),
 ('31', '31', 'en_us', 'hl-id-march06-004', NULL, '1', '2018-01-29 14:33:02', '2018-01-29 14:33:02', '840ab021-79c1-48f3-8ed8-7169a1575bb9'),
 ('32', '32', 'en_us', 'hl-id-march06-005', NULL, '1', '2018-01-29 14:33:03', '2018-01-29 14:33:03', 'd5eef0d3-ea73-4de6-8b50-241bfc49c1e4'),
 ('33', '33', 'en_us', 'hl-id-march06-006', NULL, '1', '2018-01-29 14:33:04', '2018-01-29 14:33:04', '439bd66e-6913-48eb-a0bd-53aef27e9c26'),
 ('34', '34', 'en_us', 'hl-id-march06-007', NULL, '1', '2018-01-29 14:33:05', '2018-01-29 14:33:05', '1620756d-57b8-4446-91d4-fc6f2df4dfc8'),
 ('35', '35', 'en_us', 'hl-id-march06-008', NULL, '1', '2018-01-29 14:33:06', '2018-01-29 14:33:06', '489f4b83-b918-41ff-8381-c1027485fd71'),
 ('36', '36', 'en_us', 'i-d-nick-haymes-march-2006', NULL, '1', '2018-01-29 14:33:10', '2018-03-05 17:05:43', '677e8096-abf0-404c-88bc-69fe4e28615a'),
 ('37', '37', 'en_us', 'big-magazine-1997-terry-richardson-22-big-cult22-1', NULL, '1', '2018-01-29 14:33:50', '2018-01-29 14:33:50', '3112a1a6-defd-4f23-9e8f-fd8bdb656ed5'),
 ('38', '38', 'en_us', 'big-magazine-1997-terry-richardson-22-big-cult22-2', NULL, '1', '2018-01-29 14:33:50', '2018-01-29 14:33:50', '659f0613-5885-4fbe-98b5-0ebbd589e7c5'),
 ('39', '39', 'en_us', 'big-magazine-1997-terry-richardson-22-big-cult22-3', NULL, '1', '2018-01-29 14:33:51', '2018-01-29 14:33:51', '33fc27a5-5911-4b61-814f-0f7542b8cc6b'),
 ('40', '40', 'en_us', 'big-magazine-terry-richardson', NULL, '1', '2018-01-29 14:33:57', '2018-03-05 17:04:27', '6e1249ea-bb64-4982-8fd9-e278eb43884c'),
 ('41', '41', 'en_us', 'amy230x290-copy', NULL, '1', '2018-01-29 14:34:24', '2018-01-29 14:34:24', '9e54eca1-beb0-4487-b019-cc352576979b'),
 ('42', '42', 'en_us', 'angel-230x290', NULL, '1', '2018-01-29 14:34:29', '2018-01-29 14:34:29', '45aa5eba-b7b9-469c-b12d-52ee14b00218'),
 ('43', '43', 'en_us', 'davide-sorrenti', NULL, '1', '2018-01-29 14:34:35', '2018-01-29 14:34:35', 'e28c451b-53e9-433d-aeca-0d47af2e4e6b'),
 ('44', '44', 'en_us', '1010-harpersbazaar-korea-fashionmime-hle-001', NULL, '1', '2018-01-29 14:34:54', '2018-01-29 14:34:54', 'ea86d95e-9800-46fa-b21e-3b54527e8743'),
 ('45', '45', 'en_us', '1010-harpersbazaar-korea-fashionmime-hle-002', NULL, '1', '2018-01-29 14:34:55', '2018-01-29 14:34:55', 'da9559f7-ab74-4a34-bde6-24d376aa4d1d'),
 ('46', '46', 'en_us', '1010-harpersbazaar-korea-fashionmime-hle-003', NULL, '1', '2018-01-29 14:34:56', '2018-01-29 14:34:56', '346992df-5bc4-48ea-8293-ea545f48299b'),
 ('47', '47', 'en_us', '1010-harpersbazaar-korea-fashionmime-hle-004', NULL, '1', '2018-01-29 14:34:57', '2018-01-29 14:34:57', 'afef307c-222e-4325-8c46-ee97378d2f63'),
 ('48', '48', 'en_us', '1010-harpersbazaar-korea-fashionmime-hle-005', NULL, '1', '2018-01-29 14:34:57', '2018-01-29 14:34:57', '7e14d153-ee00-4959-8b56-5c3fc7e93cfb'),
 ('49', '49', 'en_us', '1010-harpersbazaar-korea-fashionmime-hle-006', NULL, '1', '2018-01-29 14:34:58', '2018-01-29 14:34:58', '90fb93a0-13e5-4ac3-a9d1-4975a85f6ce8'),
 ('50', '50', 'en_us', '1010-harpersbazaar-korea-fashionmime-hle-007', NULL, '1', '2018-01-29 14:34:59', '2018-01-29 14:34:59', '4a5b424b-add6-458c-a390-3a678f16a525'),
 ('51', '51', 'en_us', '1010-harpersbazaar-korea-fashionmime-hle-008', NULL, '1', '2018-01-29 14:35:00', '2018-01-29 14:35:00', '3002387d-561b-458e-82f2-a1de613e1219'),
 ('52', '52', 'en_us', '1010-harpersbazaar-korea-fashionmime-hle-009', NULL, '1', '2018-01-29 14:35:01', '2018-01-29 14:35:01', 'c7cf7dad-4ec4-4e05-802d-7b37955723bc'),
 ('53', '53', 'en_us', 'harpers-bazaar-korea-yelena-yemchuk', NULL, '1', '2018-01-29 14:35:08', '2018-03-05 17:05:04', '36fb6732-920b-4f76-9e4a-261d58e9a822'),
 ('54', '54', 'en_us', 'hl-mens-streeters-pdf-24-3', NULL, '1', '2018-01-29 14:35:23', '2018-01-29 14:35:23', '43799d44-e0cb-49ee-b76d-22622c2847d8'),
 ('55', '55', 'en_us', 'hl-mens-streeters-pdf-25-3', NULL, '1', '2018-01-29 14:35:24', '2018-01-29 14:35:24', '3b29706d-d69e-485b-abd6-d3c100ddf522'),
 ('56', '56', 'en_us', 'hl-mens-streeters-pdf-26-3', NULL, '1', '2018-01-29 14:35:24', '2018-01-29 14:35:24', '30c36fac-4acc-4043-8e52-17abafbe2617'),
 ('57', '57', 'en_us', 'hl-mens-streeters-pdf-27-3', NULL, '1', '2018-01-29 14:35:25', '2018-01-29 14:35:25', 'fc7055cc-4e3a-495f-99ac-9faee71807db'),
 ('58', '58', 'en_us', 'hl-mens-streeters-pdf-28-3', NULL, '1', '2018-01-29 14:35:25', '2018-01-29 14:35:25', 'ecc105be-ff0a-49f4-93b0-7a3164ebfc60'),
 ('59', '59', 'en_us', 'hl-mens-streeters-pdf-29-3', NULL, '1', '2018-01-29 14:35:26', '2018-01-29 14:35:26', '53b7779c-4027-460f-b6ec-775fab9e82fc'),
 ('60', '60', 'en_us', 'barneys-leigh-ledare', NULL, '1', '2018-01-29 14:35:31', '2018-03-05 17:06:03', '5db9023f-a81b-4e57-9b10-c0130aa08202'),
 ('61', '61', 'en_us', '5x7-pr-perf-9-3', NULL, '1', '2018-01-29 14:35:52', '2018-01-29 14:35:52', '891c5914-cb2e-47c6-8790-ad9a71d8348b'),
 ('62', '62', 'en_us', '5x7-pr-perf-29-3', NULL, '1', '2018-01-29 14:35:53', '2018-01-29 14:35:53', '4641aea1-1505-481c-bf18-f1822e3921c2'),
 ('63', '63', 'en_us', '5x7-pr-perf-31-3', NULL, '1', '2018-01-29 14:35:53', '2018-01-29 14:35:53', 'c135d2ce-1d3f-44f4-917c-7066ff0307dc'),
 ('64', '64', 'en_us', '5x7-pr-perf-33-3', NULL, '1', '2018-01-29 14:35:54', '2018-01-29 14:35:54', '2cf77e4a-57c6-4afa-a8e7-350028db9a92'),
 ('65', '65', 'en_us', 'ck2-3', NULL, '1', '2018-01-29 14:35:54', '2018-01-29 14:35:54', 'fa22ee43-4c69-409f-8826-05f991cf325f'),
 ('66', '66', 'en_us', 'ck3-3', NULL, '1', '2018-01-29 14:35:55', '2018-01-29 14:35:55', '02eba9f2-cdf0-4434-a6a6-958030f723be'),
 ('67', '67', 'en_us', 'ck4-3', NULL, '1', '2018-01-29 14:35:55', '2018-01-29 14:35:55', 'b54ed616-e1d3-40e0-9a27-2573386db6b9'),
 ('68', '68', 'en_us', 'ck5-3', NULL, '1', '2018-01-29 14:35:56', '2018-01-29 14:35:56', '275aa2c0-a157-45e6-8354-a949f61f1a67'),
 ('69', '69', 'en_us', 'calvin-klein-performance-ss16-boo-george', NULL, '1', '2018-01-29 14:36:08', '2018-03-05 17:06:16', '2c663387-c28c-4f5a-850a-72be61a4703e'),
 ('70', '70', 'en_us', '13-spring-jack-spade-ad-hle-001', NULL, '1', '2018-01-29 14:36:25', '2018-01-29 14:36:25', 'dbb49764-d6d1-4eb4-b800-56c39ca620e4'),
 ('71', '71', 'en_us', '13-spring-jack-spade-ad-hle-002', NULL, '1', '2018-01-29 14:36:27', '2018-01-29 14:36:27', '96e53ada-05d8-48a3-ae6c-11761e7c8234'),
 ('72', '72', 'en_us', '13-spring-jack-spade-ad-hle-003', NULL, '1', '2018-01-29 14:36:28', '2018-01-29 14:36:28', 'af2ce515-dccc-473c-8590-3035b18f4cb9'),
 ('73', '73', 'en_us', '13-spring-jack-spade-ad-hle-004', NULL, '1', '2018-01-29 14:36:29', '2018-01-29 14:36:29', 'df77784e-eca7-4d45-8385-cfd251855448'),
 ('74', '74', 'en_us', '13-spring-jack-spade-ad-hle-005', NULL, '1', '2018-01-29 14:36:30', '2018-01-29 14:36:30', '8ce9df4a-433e-4683-bcea-d11180ea31a5'),
 ('75', '75', 'en_us', '13-spring-jack-spade-ad-hle-006', NULL, '1', '2018-01-29 14:36:32', '2018-01-29 14:36:32', '5fd874f1-bf68-447c-bf85-6ad46e063fda'),
 ('76', '76', 'en_us', '13-spring-jack-spade-ad-hle-007', NULL, '1', '2018-01-29 14:36:33', '2018-01-29 14:36:33', '3f3b99f0-f9fb-4c1c-a857-267cb723e28c'),
 ('77', '77', 'en_us', '13-spring-jack-spade-ad-hle-008', NULL, '1', '2018-01-29 14:36:35', '2018-01-29 14:36:35', '1aab9ed7-4496-4350-92d9-9310ee9062fc'),
 ('78', '78', 'en_us', '13-spring-jack-spade-ad-hle-009', NULL, '1', '2018-01-29 14:36:36', '2018-01-29 14:36:36', '11112828-dd60-4485-92c8-504c5320942a'),
 ('79', '79', 'en_us', '13-spring-jack-spade-ad-hle-010', NULL, '1', '2018-01-29 14:36:37', '2018-01-29 14:36:37', '8ee455c8-23f2-411e-b0e5-d971f8a88050'),
 ('80', '80', 'en_us', '13-spring-jack-spade-ad-hle-011', NULL, '1', '2018-01-29 14:36:39', '2018-01-29 14:36:39', '403be28f-b272-4b66-805a-bda688e0fe76'),
 ('81', '81', 'en_us', '13-spring-jack-spade-ad-hle-012', NULL, '1', '2018-01-29 14:36:40', '2018-01-29 14:36:40', 'c5d15dd1-0e9a-43b9-ac16-eeb944dc52da'),
 ('82', '82', 'en_us', '13-spring-jack-spade-ad-hle-013', NULL, '1', '2018-01-29 14:36:41', '2018-01-29 14:36:41', 'fcb31beb-6624-43a9-8f2e-7f61653ce3a9'),
 ('83', '83', 'en_us', '13-spring-jack-spade-ad-hle-014', NULL, '1', '2018-01-29 14:36:42', '2018-01-29 14:36:42', 'e8a1af6a-c8e3-4ac6-88b9-cbabbd4261e4'),
 ('84', '84', 'en_us', '13-spring-jack-spade-ad-hle-015', NULL, '1', '2018-01-29 14:36:43', '2018-01-29 14:36:43', 'ea0194d8-18d7-4d8b-afe5-2958e5b85720'),
 ('85', '85', 'en_us', 'jack-spade', NULL, '1', '2018-01-29 14:36:49', '2018-01-29 14:36:49', '2994a97b-4396-4df8-816d-35b399c32170'),
 ('86', '86', 'en_us', 'boo-george-hi-res-1-1-3', NULL, '1', '2018-01-29 14:47:00', '2018-01-29 14:47:00', '9dde2674-4821-49e1-9732-d3333f8e8ab8'),
 ('87', '87', 'en_us', 'nick-haymes-lets-panic-hirez014-3', NULL, '1', '2018-01-29 14:47:48', '2018-01-29 14:47:48', '81246725-1a86-4f08-9463-c75fadb54b80'),
 ('88', '88', 'en_us', 'havana3', NULL, '1', '2018-01-29 14:49:45', '2018-01-29 14:49:45', 'd32c5cf8-f9e9-4fba-8362-9051a9507953'),
 ('89', '89', 'en_us', 'havana4', NULL, '1', '2018-01-29 14:50:27', '2018-01-29 14:50:27', '5e120ac3-ca19-45b4-8be3-fa7b81d39b32'),
 ('90', '90', 'en_us', '', NULL, '1', '2018-01-29 14:50:38', '2018-01-29 14:50:38', 'c0c35059-dea1-47bc-b2f8-2d1518c3ea60'),
 ('91', '91', 'en_us', '', NULL, '1', '2018-01-29 14:50:38', '2018-01-29 14:50:38', '62dd6fd9-ea51-4449-809d-2d069d607418'),
 ('92', '92', 'en_us', '', NULL, '1', '2018-01-29 14:50:38', '2018-01-29 14:50:38', '31c5078c-c2a0-49f7-be41-d867cfc777af'),
 ('93', '93', 'en_us', 'creative-direction', NULL, '1', '2018-03-05 16:56:21', '2018-03-05 16:56:21', 'c1ea7e2c-5ba6-4f32-864a-bbf979c48453'),
 ('94', '94', 'en_us', '1506-interview-germany-amber-heard-hle-001', NULL, '1', '2018-03-05 17:07:44', '2018-03-05 17:07:44', '5c9ecdb7-2bbe-4640-8078-b5a8902c495d'),
 ('95', '95', 'en_us', '1506-interview-germany-amber-heard-hle-002', NULL, '1', '2018-03-05 17:07:46', '2018-03-05 17:07:46', 'aac01a4f-67e0-4b47-86c4-ba3ccb485c9b'),
 ('96', '96', 'en_us', '1506-interview-germany-amber-heard-hle-003', NULL, '1', '2018-03-05 17:07:50', '2018-03-05 17:07:50', '3bfce800-7a5b-402f-afa2-97fce811159d'),
 ('97', '97', 'en_us', '1506-interview-germany-amber-heard-hle-004', NULL, '1', '2018-03-05 17:07:53', '2018-03-05 17:07:53', '92ca97c1-a098-4320-8fcc-9ce01a00bf0a'),
 ('98', '98', 'en_us', '1506-interview-germany-amber-heard-hle-005', NULL, '1', '2018-03-05 17:07:57', '2018-03-05 17:07:57', '1e2b5ab0-b426-42f0-80ee-9c8edbe49060'),
 ('99', '99', 'en_us', '1506-interview-germany-amber-heard-hle-006', NULL, '1', '2018-03-05 17:08:00', '2018-03-05 17:08:00', '08a1b0a9-b549-4255-93c9-f90430ec27bc'),
 ('100', '100', 'en_us', '1506-interview-germany-amber-heard-hle-007', NULL, '1', '2018-03-05 17:08:05', '2018-03-05 17:08:05', 'a9f5e1cb-197c-4334-8a5f-94c24cb0bb23'),
 ('101', '101', 'en_us', '1506-interview-germany-amber-heard-hle-008', NULL, '1', '2018-03-05 17:08:08', '2018-03-05 17:08:08', 'da15d4d3-3d5d-4bbe-b56c-c7278a166d6b'),
 ('102', '102', 'en_us', '1506-interview-germany-amber-heard-hle-009', NULL, '1', '2018-03-05 17:08:20', '2018-03-05 17:08:20', 'abcaa282-b43e-486d-87a0-b158bf74558f'),
 ('103', '103', 'en_us', 'interview-magazine-terry-richardson', NULL, '1', '2018-03-05 17:09:19', '2018-03-05 17:09:19', 'ae5bd5da-05d8-4130-82ea-78134aa9368f'),
 ('104', '104', 'en_us', '16-fw-lofficiel-hommes-italia-cover-the-smell-of-us-rfo-hle-amonsy-ton-01', NULL, '1', '2018-03-05 17:10:33', '2018-03-05 17:10:33', '051b51ef-1e0d-46cd-ae58-b4f946a738e8');
INSERT INTO `craft_elements_i18n` (`id`, `elementId`, `locale`, `slug`, `uri`, `enabled`, `dateCreated`, `dateUpdated`, `uid`) VALUES
 ('105', '105', 'en_us', '16-fw-lofficiel-hommes-italia-cover-the-smell-of-us-rfo-hle-amonsy-ton-02', NULL, '1', '2018-03-05 17:10:38', '2018-03-05 17:10:38', 'acac4b59-9f7c-4f86-baf4-3bd97e7d0745'),
 ('106', '106', 'en_us', '16-fw-lofficiel-hommes-italia-cover-the-smell-of-us-rfo-hle-amonsy-ton-04', NULL, '1', '2018-03-05 17:10:56', '2018-03-05 17:10:56', '894d9ab7-089a-4c9d-bf2e-502f37b16f56'),
 ('107', '107', 'en_us', '16-fw-lofficiel-hommes-italia-cover-the-smell-of-us-rfo-hle-amonsy-ton-06', NULL, '1', '2018-03-05 17:10:58', '2018-03-05 17:10:58', '6c62631c-450e-4aff-8561-4ed2e7388fae'),
 ('108', '108', 'en_us', '16-fw-lofficiel-hommes-italia-cover-the-smell-of-us-rfo-hle-amonsy-ton-07', NULL, '1', '2018-03-05 17:11:03', '2018-03-05 17:11:03', '1a2d2479-1f3c-4da3-9d15-1a4cc1deb389'),
 ('109', '109', 'en_us', '16-fw-lofficiel-hommes-italia-cover-the-smell-of-us-rfo-hle-amonsy-ton-09', NULL, '1', '2018-03-05 17:11:06', '2018-03-05 17:11:06', 'a7cdba83-2188-402d-990d-b623b7acc230'),
 ('110', '110', 'en_us', '16-fw-lofficiel-hommes-italia-cover-the-smell-of-us-rfo-hle-amonsy-ton-10', NULL, '1', '2018-03-05 17:11:09', '2018-03-05 17:11:09', '227a29d5-60b9-4226-b769-b9111c1d3436'),
 ('111', '111', 'en_us', '16-fw-lofficiel-hommes-italia-cover-the-smell-of-us-rfo-hle-amonsy-ton-12', NULL, '1', '2018-03-05 17:11:10', '2018-03-05 17:11:10', '172daa7c-127a-416e-b0cd-cabc21efa1da'),
 ('112', '112', 'en_us', '16-fw-lofficiel-hommes-italia-cover-the-smell-of-us-rfo-hle-amonsy-ton-13', NULL, '1', '2018-03-05 17:11:13', '2018-03-05 17:11:13', 'b2525ecc-e079-4f6d-b060-cddb8cb69e61'),
 ('113', '113', 'en_us', '16-fw-lofficiel-hommes-italia-cover-the-smell-of-us-rfo-hle-amonsy-ton-15', NULL, '1', '2018-03-05 17:11:15', '2018-03-05 17:11:15', '92ff06f8-d78b-4830-be2d-7953daa0fc03'),
 ('114', '114', 'en_us', '16-fw-lofficiel-hommes-italia-cover-the-smell-of-us-rfo-hle-amonsy-ton-16', NULL, '1', '2018-03-05 17:11:16', '2018-03-05 17:11:16', '65012e14-0786-40d5-ba4d-3121e9394a0c'),
 ('115', '115', 'en_us', '16-fw-lofficiel-hommes-italia-cover-the-smell-of-us-rfo-hle-amonsy-ton-18', NULL, '1', '2018-03-05 17:11:18', '2018-03-05 17:11:18', '8d434f1b-f13b-4d88-9b1b-cd98e6b1ff6b'),
 ('116', '116', 'en_us', '16-fw-lofficiel-hommes-italia-cover-the-smell-of-us-rfo-hle-amonsy-ton-19', NULL, '1', '2018-03-05 17:11:20', '2018-03-05 17:11:20', '7369e32a-e5f6-4221-882a-198bc514cbcf'),
 ('117', '117', 'en_us', '16-fw-lofficiel-hommes-italia-cover-the-smell-of-us-rfo-hle-amonsy-ton-21', NULL, '1', '2018-03-05 17:11:22', '2018-03-05 17:11:22', 'bc0ccbe9-26b0-4eb9-adb2-324edd10911a');



DROP TABLE IF EXISTS `craft_emailmessages`;


--
-- Schema for table `craft_emailmessages`
--
CREATE TABLE `craft_emailmessages` (
  `id` int(11) NOT NULL AUTO_INCREMENT,
  `key` char(150) COLLATE utf8_unicode_ci NOT NULL,
  `locale` char(12) COLLATE utf8_unicode_ci NOT NULL,
  `subject` varchar(1000) COLLATE utf8_unicode_ci NOT NULL,
  `body` text COLLATE utf8_unicode_ci NOT NULL,
  `dateCreated` datetime NOT NULL,
  `dateUpdated` datetime NOT NULL,
  `uid` char(36) COLLATE utf8_unicode_ci NOT NULL DEFAULT '0',
  PRIMARY KEY (`id`),
  UNIQUE KEY `craft_emailmessages_key_locale_unq_idx` (`key`,`locale`),
  KEY `craft_emailmessages_locale_fk` (`locale`)
) ENGINE=InnoDB DEFAULT CHARSET=utf8 COLLATE=utf8_unicode_ci;

DROP TABLE IF EXISTS `craft_entries`;


--
-- Schema for table `craft_entries`
--
CREATE TABLE `craft_entries` (
  `id` int(11) NOT NULL,
  `sectionId` int(11) NOT NULL,
  `typeId` int(11) DEFAULT NULL,
  `authorId` int(11) DEFAULT NULL,
  `postDate` datetime DEFAULT NULL,
  `expiryDate` datetime DEFAULT NULL,
  `dateCreated` datetime NOT NULL,
  `dateUpdated` datetime NOT NULL,
  `uid` char(36) COLLATE utf8_unicode_ci NOT NULL DEFAULT '0',
  PRIMARY KEY (`id`),
  KEY `craft_entries_sectionId_idx` (`sectionId`),
  KEY `craft_entries_typeId_idx` (`typeId`),
  KEY `craft_entries_postDate_idx` (`postDate`),
  KEY `craft_entries_expiryDate_idx` (`expiryDate`),
  KEY `craft_entries_authorId_fk` (`authorId`)
) ENGINE=InnoDB DEFAULT CHARSET=utf8 COLLATE=utf8_unicode_ci;

--
-- Data for table `craft_entries`
--

INSERT INTO `craft_entries` (`id`, `sectionId`, `typeId`, `authorId`, `postDate`, `expiryDate`, `dateCreated`, `dateUpdated`, `uid`) VALUES
 ('2', '1', NULL, NULL, '2018-01-26 11:02:43', NULL, '2018-01-26 11:02:43', '2018-01-29 14:50:38', 'f59791f4-dac0-402d-ae5d-3639c85c037f'),
 ('5', '4', NULL, NULL, '2018-01-26 11:19:57', NULL, '2018-01-26 11:19:57', '2018-01-29 14:30:37', '099037af-e00f-438f-bb11-dab13175418d'),
 ('27', '3', '3', '1', '2018-01-29 14:32:00', NULL, '2018-01-29 14:32:38', '2018-03-05 17:05:30', '1afc929a-e5ca-477c-8692-83982375eefb'),
 ('36', '3', '3', '1', '2018-01-29 14:33:00', NULL, '2018-01-29 14:33:10', '2018-03-05 17:05:43', 'da87f14a-d6af-4702-8ce2-52ef3723efad'),
 ('40', '3', '3', '1', '2018-01-29 14:33:00', NULL, '2018-01-29 14:33:57', '2018-03-05 17:04:28', 'f5a7d974-0fda-41a2-90cc-b91f1380ecc6'),
 ('43', '3', '3', '1', '2018-01-29 14:34:34', NULL, '2018-01-29 14:34:35', '2018-01-29 14:34:35', 'f8b626d2-cfda-49da-8f77-1ac139cad9b1'),
 ('53', '3', '3', '1', '2018-01-29 14:35:00', NULL, '2018-01-29 14:35:08', '2018-03-05 17:05:04', 'ad4fd6dc-f6cb-4057-b1ef-ca768b8ead24'),
 ('60', '3', '3', '1', '2018-01-29 14:35:00', NULL, '2018-01-29 14:35:31', '2018-03-05 17:06:03', 'c11092d8-7d10-45e8-a85f-c24facf8bd7c'),
 ('69', '3', '3', '1', '2018-01-29 14:36:00', NULL, '2018-01-29 14:36:08', '2018-03-05 17:06:16', '083fc4e9-a20d-4d75-a2d1-ef43057ea88c'),
 ('85', '3', '3', '1', '2018-01-29 14:36:48', NULL, '2018-01-29 14:36:49', '2018-01-29 14:36:49', '5ea73b1d-b909-4609-bcf3-4d6da6ecba2b'),
 ('103', '3', '3', '1', '2018-03-05 17:09:19', NULL, '2018-03-05 17:09:19', '2018-03-05 17:09:19', '2eee46c3-feda-4b0b-bc67-5ae3dd35c9ea');



DROP TABLE IF EXISTS `craft_entrydrafts`;


--
-- Schema for table `craft_entrydrafts`
--
CREATE TABLE `craft_entrydrafts` (
  `id` int(11) NOT NULL AUTO_INCREMENT,
  `entryId` int(11) NOT NULL,
  `sectionId` int(11) NOT NULL,
  `creatorId` int(11) NOT NULL,
  `locale` char(12) COLLATE utf8_unicode_ci NOT NULL,
  `name` varchar(255) COLLATE utf8_unicode_ci NOT NULL,
  `notes` tinytext COLLATE utf8_unicode_ci,
  `data` mediumtext COLLATE utf8_unicode_ci NOT NULL,
  `dateCreated` datetime NOT NULL,
  `dateUpdated` datetime NOT NULL,
  `uid` char(36) COLLATE utf8_unicode_ci NOT NULL DEFAULT '0',
  PRIMARY KEY (`id`),
  KEY `craft_entrydrafts_entryId_locale_idx` (`entryId`,`locale`),
  KEY `craft_entrydrafts_sectionId_fk` (`sectionId`),
  KEY `craft_entrydrafts_creatorId_fk` (`creatorId`),
  KEY `craft_entrydrafts_locale_fk` (`locale`)
) ENGINE=InnoDB DEFAULT CHARSET=utf8 COLLATE=utf8_unicode_ci;

DROP TABLE IF EXISTS `craft_entrytypes`;


--
-- Schema for table `craft_entrytypes`
--
CREATE TABLE `craft_entrytypes` (
  `id` int(11) NOT NULL AUTO_INCREMENT,
  `sectionId` int(11) NOT NULL,
  `fieldLayoutId` int(11) DEFAULT NULL,
  `name` varchar(255) COLLATE utf8_unicode_ci NOT NULL,
  `handle` varchar(255) COLLATE utf8_unicode_ci NOT NULL,
  `hasTitleField` tinyint(1) unsigned NOT NULL DEFAULT '1',
  `titleLabel` varchar(255) COLLATE utf8_unicode_ci DEFAULT 'Title',
  `titleFormat` varchar(255) COLLATE utf8_unicode_ci DEFAULT NULL,
  `sortOrder` smallint(6) unsigned DEFAULT NULL,
  `dateCreated` datetime NOT NULL,
  `dateUpdated` datetime NOT NULL,
  `uid` char(36) COLLATE utf8_unicode_ci NOT NULL DEFAULT '0',
  PRIMARY KEY (`id`),
  UNIQUE KEY `craft_entrytypes_name_sectionId_unq_idx` (`name`,`sectionId`),
  UNIQUE KEY `craft_entrytypes_handle_sectionId_unq_idx` (`handle`,`sectionId`),
  KEY `craft_entrytypes_sectionId_fk` (`sectionId`),
  KEY `craft_entrytypes_fieldLayoutId_fk` (`fieldLayoutId`)
) ENGINE=InnoDB AUTO_INCREMENT=5 DEFAULT CHARSET=utf8 COLLATE=utf8_unicode_ci;

--
-- Data for table `craft_entrytypes`
--

INSERT INTO `craft_entrytypes` (`id`, `sectionId`, `fieldLayoutId`, `name`, `handle`, `hasTitleField`, `titleLabel`, `titleFormat`, `sortOrder`, `dateCreated`, `dateUpdated`, `uid`) VALUES
 ('1', '1', '12', 'Homepage', 'homepage', '1', 'Title', NULL, '1', '2018-01-26 11:02:43', '2018-01-26 11:18:16', '063abe52-8f2c-4bb1-9377-f5713b44bee9'),
 ('3', '3', '18', 'Projects', 'projects', '1', 'Title', NULL, '1', '2018-01-26 11:11:34', '2018-01-26 11:31:19', 'ab3ed12b-fe31-45a5-af49-bb5ded484472'),
 ('4', '4', '16', 'Information', 'information', '0', NULL, '{section.name|raw}', '1', '2018-01-26 11:19:56', '2018-01-26 11:20:12', 'c6fd179c-1307-4aae-8f22-430f4df7b768');



DROP TABLE IF EXISTS `craft_entryversions`;


--
-- Schema for table `craft_entryversions`
--
CREATE TABLE `craft_entryversions` (
  `id` int(11) NOT NULL AUTO_INCREMENT,
  `entryId` int(11) NOT NULL,
  `sectionId` int(11) NOT NULL,
  `creatorId` int(11) DEFAULT NULL,
  `locale` char(12) COLLATE utf8_unicode_ci NOT NULL,
  `num` smallint(6) unsigned NOT NULL,
  `notes` tinytext COLLATE utf8_unicode_ci,
  `data` mediumtext COLLATE utf8_unicode_ci NOT NULL,
  `dateCreated` datetime NOT NULL,
  `dateUpdated` datetime NOT NULL,
  `uid` char(36) COLLATE utf8_unicode_ci NOT NULL DEFAULT '0',
  PRIMARY KEY (`id`),
  KEY `craft_entryversions_entryId_locale_idx` (`entryId`,`locale`),
  KEY `craft_entryversions_sectionId_fk` (`sectionId`),
  KEY `craft_entryversions_creatorId_fk` (`creatorId`),
  KEY `craft_entryversions_locale_fk` (`locale`)
) ENGINE=InnoDB AUTO_INCREMENT=9 DEFAULT CHARSET=utf8 COLLATE=utf8_unicode_ci;

--
-- Data for table `craft_entryversions`
--

INSERT INTO `craft_entryversions` (`id`, `entryId`, `sectionId`, `creatorId`, `locale`, `num`, `notes`, `data`, `dateCreated`, `dateUpdated`, `uid`) VALUES
 ('1', '2', '1', '1', 'en_us', '1', NULL, '{\"typeId\":\"1\",\"authorId\":null,\"title\":\"Homepage\",\"slug\":\"homepage\",\"postDate\":1516964563,\"expiryDate\":null,\"enabled\":1,\"parentId\":null,\"fields\":[]}', '2018-01-26 11:02:43', '2018-01-26 11:02:43', '9162b16c-909c-4afe-9539-8e59def2fb1b'),
 ('2', '2', '1', '1', 'en_us', '2', NULL, '{\"typeId\":null,\"authorId\":null,\"title\":\"Welcome to Craft.development!\",\"slug\":\"homepage\",\"postDate\":1516964563,\"expiryDate\":null,\"enabled\":\"1\",\"parentId\":null,\"fields\":{\"1\":\"<p>It\\u2019s true, this site doesn\\u2019t have a whole lot of content yet, but don\\u2019t worry. Our web developers have just installed the CMS, and they\\u2019re setting things up for the content editors this very moment. Soon Craft.development will be an oasis of fresh perspectives, sharp analyses, and astute opinions that will keep you coming back again and again.<\\/p>\"}}', '2018-01-26 11:02:43', '2018-01-26 11:02:43', '53b65697-2705-473e-be1d-35303a13fddc'),
 ('4', '2', '1', '1', 'en_us', '3', '', '{\"typeId\":null,\"authorId\":null,\"title\":\"Homepage\",\"slug\":\"homepage\",\"postDate\":1516964563,\"expiryDate\":null,\"enabled\":1,\"parentId\":null,\"fields\":[]}', '2018-01-26 11:12:11', '2018-01-26 11:12:11', '2a903cf0-5a01-4e15-865b-a26737ea4549'),
 ('5', '2', '1', '1', 'en_us', '4', '', '{\"typeId\":null,\"authorId\":null,\"title\":\"Homepage\",\"slug\":\"homepage\",\"postDate\":1516964563,\"expiryDate\":null,\"enabled\":1,\"parentId\":null,\"fields\":{\"14\":{\"new1\":{\"type\":\"slide\",\"enabled\":\"1\",\"fields\":{\"image\":[\"6\"],\"fitting\":\"contain\",\"turnTextWhite\":\"\"}},\"new2\":{\"type\":\"slide\",\"enabled\":\"1\",\"fields\":{\"image\":[\"6\"],\"fitting\":\"cover\",\"turnTextWhite\":\"1\"}}},\"3\":\"Fashion and Creative Consultant\"}}', '2018-01-26 11:29:45', '2018-01-26 11:29:45', '9b9ed91b-b837-4d7b-9e75-144f6cdabe80'),
 ('6', '2', '1', '1', 'en_us', '5', '', '{\"typeId\":null,\"authorId\":null,\"title\":\"Homepage\",\"slug\":\"homepage\",\"postDate\":1516964563,\"expiryDate\":null,\"enabled\":1,\"parentId\":null,\"fields\":{\"14\":{\"8\":{\"type\":\"slide\",\"enabled\":\"1\",\"fields\":{\"image\":[\"6\"],\"fitting\":\"contain\",\"turnTextWhite\":\"\"}},\"9\":{\"type\":\"slide\",\"enabled\":\"1\",\"fields\":{\"image\":[\"7\"],\"fitting\":\"cover\",\"turnTextWhite\":\"1\"}}},\"3\":\"Fashion and Creative Consultant\"}}', '2018-01-26 15:03:45', '2018-01-26 15:03:45', 'c2b14d58-9a87-4de6-aea1-209621beb1bb'),
 ('7', '2', '1', '1', 'en_us', '6', '', '{\"typeId\":null,\"authorId\":null,\"title\":\"Homepage\",\"slug\":\"homepage\",\"postDate\":1516964563,\"expiryDate\":null,\"enabled\":1,\"parentId\":null,\"fields\":{\"14\":{\"9\":{\"type\":\"slide\",\"enabled\":\"1\",\"fields\":{\"image\":[\"7\"],\"fitting\":\"cover\",\"turnTextWhite\":\"1\"}},\"8\":{\"type\":\"slide\",\"enabled\":\"1\",\"fields\":{\"image\":[\"6\"],\"fitting\":\"contain\",\"turnTextWhite\":\"\"}}},\"3\":\"Fashion and Creative Consultant\"}}', '2018-01-26 15:17:33', '2018-01-26 15:17:33', '57ba33fe-b43e-42f2-a1a2-56e42981d2f9'),
 ('8', '2', '1', '1', 'en_us', '7', '', '{\"typeId\":null,\"authorId\":null,\"title\":\"Homepage\",\"slug\":\"homepage\",\"postDate\":1516964563,\"expiryDate\":null,\"enabled\":1,\"parentId\":null,\"fields\":{\"14\":{\"9\":{\"type\":\"slide\",\"enabled\":\"1\",\"fields\":{\"image\":[\"86\"],\"fitting\":\"cover\",\"turnTextWhite\":\"1\"}},\"new1\":{\"type\":\"slide\",\"enabled\":\"1\",\"fields\":{\"image\":[\"87\"],\"fitting\":\"contain\",\"turnTextWhite\":\"\"}},\"new2\":{\"type\":\"slide\",\"enabled\":\"1\",\"fields\":{\"image\":[\"88\"],\"fitting\":\"cover\",\"turnTextWhite\":\"1\"}},\"new3\":{\"type\":\"slide\",\"enabled\":\"1\",\"fields\":{\"image\":[\"89\"],\"fitting\":\"contain\",\"turnTextWhite\":\"\"}}},\"3\":\"Fashion and Creative Consultant\"}}', '2018-01-29 14:50:38', '2018-01-29 14:50:38', '2e6f8fe6-b39a-4a6b-afe1-c796a26bff59');



DROP TABLE IF EXISTS `craft_fieldgroups`;


--
-- Schema for table `craft_fieldgroups`
--
CREATE TABLE `craft_fieldgroups` (
  `id` int(11) NOT NULL AUTO_INCREMENT,
  `name` varchar(255) COLLATE utf8_unicode_ci NOT NULL,
  `dateCreated` datetime NOT NULL,
  `dateUpdated` datetime NOT NULL,
  `uid` char(36) COLLATE utf8_unicode_ci NOT NULL DEFAULT '0',
  PRIMARY KEY (`id`),
  UNIQUE KEY `craft_fieldgroups_name_unq_idx` (`name`)
) ENGINE=InnoDB AUTO_INCREMENT=7 DEFAULT CHARSET=utf8 COLLATE=utf8_unicode_ci;

--
-- Data for table `craft_fieldgroups`
--

INSERT INTO `craft_fieldgroups` (`id`, `name`, `dateCreated`, `dateUpdated`, `uid`) VALUES
 ('1', 'Default', '2018-01-26 11:02:43', '2018-01-26 11:02:43', '3edf5cab-c8cc-46f1-bafa-6432e8b3f8c1'),
 ('2', 'Globals', '2018-01-26 11:03:34', '2018-01-26 11:03:34', 'f119de34-2dce-4440-a8b2-7e44f968dd7b'),
 ('3', 'About', '2018-01-26 11:07:58', '2018-01-26 11:07:58', '768f84e4-5e28-4bd3-a3b4-1187fb4b57af'),
 ('4', 'Project', '2018-01-26 11:09:57', '2018-01-26 11:09:57', 'e22bb18d-e11f-4604-8b27-7ed7f91aa5b0'),
 ('5', 'Homepage', '2018-01-26 11:12:24', '2018-01-26 11:12:24', '9eaded80-cd68-4cd0-b62c-bfec1fe335a9'),
 ('6', 'Site Meta', '2018-01-26 11:18:41', '2018-01-26 11:18:41', 'e0744ed0-bf6f-4e7b-b4c8-4a3f8523101c');



DROP TABLE IF EXISTS `craft_fieldlayoutfields`;


--
-- Schema for table `craft_fieldlayoutfields`
--
CREATE TABLE `craft_fieldlayoutfields` (
  `id` int(11) NOT NULL AUTO_INCREMENT,
  `layoutId` int(11) NOT NULL,
  `tabId` int(11) NOT NULL,
  `fieldId` int(11) NOT NULL,
  `required` tinyint(1) unsigned NOT NULL DEFAULT '0',
  `sortOrder` smallint(6) unsigned DEFAULT NULL,
  `dateCreated` datetime NOT NULL,
  `dateUpdated` datetime NOT NULL,
  `uid` char(36) COLLATE utf8_unicode_ci NOT NULL DEFAULT '0',
  PRIMARY KEY (`id`),
  UNIQUE KEY `craft_fieldlayoutfields_layoutId_fieldId_unq_idx` (`layoutId`,`fieldId`),
  KEY `craft_fieldlayoutfields_sortOrder_idx` (`sortOrder`),
  KEY `craft_fieldlayoutfields_tabId_fk` (`tabId`),
  KEY `craft_fieldlayoutfields_fieldId_fk` (`fieldId`)
) ENGINE=InnoDB AUTO_INCREMENT=27 DEFAULT CHARSET=utf8 COLLATE=utf8_unicode_ci;

--
-- Data for table `craft_fieldlayoutfields`
--

INSERT INTO `craft_fieldlayoutfields` (`id`, `layoutId`, `tabId`, `fieldId`, `required`, `sortOrder`, `dateCreated`, `dateUpdated`, `uid`) VALUES
 ('4', '6', '3', '10', '0', '1', '2018-01-26 11:09:44', '2018-01-26 11:09:44', 'ec6e1150-cb1e-47f5-90b2-3e5757ca7d7d'),
 ('5', '6', '3', '11', '0', '2', '2018-01-26 11:09:44', '2018-01-26 11:09:44', 'cbbdb5c4-b7bb-4b0b-b601-b1e5411ec7f0'),
 ('9', '11', '6', '15', '0', '1', '2018-01-26 11:13:54', '2018-01-26 11:13:54', '5d3889cf-5acf-49bc-9a32-f03ad5e904f0'),
 ('10', '11', '6', '16', '0', '2', '2018-01-26 11:13:54', '2018-01-26 11:13:54', 'b51358fc-96cd-42e3-b873-9b94cf1c220f'),
 ('11', '11', '6', '17', '0', '3', '2018-01-26 11:13:54', '2018-01-26 11:13:54', '6c8bdc18-352c-45d5-9961-e984ef54a1d4'),
 ('12', '12', '7', '14', '0', '1', '2018-01-26 11:18:16', '2018-01-26 11:18:16', '006a0d5d-b9ba-404f-b726-77bac0b79fcf'),
 ('13', '12', '7', '3', '0', '2', '2018-01-26 11:18:16', '2018-01-26 11:18:16', 'c6aeb86d-1021-4107-8bde-a2fd5fd70dc0'),
 ('16', '16', '9', '5', '0', '1', '2018-01-26 11:20:12', '2018-01-26 11:20:12', '5230736a-615c-48ac-a667-bc7f0c984f96'),
 ('17', '16', '9', '9', '0', '2', '2018-01-26 11:20:12', '2018-01-26 11:20:12', '30e5d6f7-e3df-4452-83d2-1580a772c351'),
 ('18', '16', '9', '7', '0', '3', '2018-01-26 11:20:12', '2018-01-26 11:20:12', 'a0f7450f-6fa2-4af8-bc28-0972d647a713'),
 ('19', '16', '9', '8', '0', '4', '2018-01-26 11:20:12', '2018-01-26 11:20:12', '4cdc94d5-5397-4d93-ac7e-c6ecdc6149d1'),
 ('20', '16', '9', '4', '0', '5', '2018-01-26 11:20:12', '2018-01-26 11:20:12', '9476b626-1a14-4a56-a68f-6dbdc6b0f92c'),
 ('21', '18', '10', '13', '0', '1', '2018-01-26 11:31:19', '2018-01-26 11:31:19', 'fc0072cb-f519-4716-8e0e-7f12c86b1d9e'),
 ('22', '18', '10', '12', '0', '2', '2018-01-26 11:31:19', '2018-01-26 11:31:19', '590b13b1-455c-42ea-af6d-38446afddb54'),
 ('23', '18', '10', '20', '0', '3', '2018-01-26 11:31:19', '2018-01-26 11:31:19', 'eb4ba53a-1314-4e76-80e8-27408dc02987'),
 ('24', '19', '11', '19', '0', '1', '2018-01-26 11:40:23', '2018-01-26 11:40:23', '29639b27-6384-485a-b5a8-d62bc33c9e87'),
 ('25', '19', '11', '18', '0', '2', '2018-01-26 11:40:23', '2018-01-26 11:40:23', 'c36a270d-6697-46e1-b888-01ff79e5e378'),
 ('26', '19', '11', '4', '0', '3', '2018-01-26 11:40:23', '2018-01-26 11:40:23', 'acfece86-4cb2-4403-8d40-742e4f0d857a');



DROP TABLE IF EXISTS `craft_fieldlayouts`;


--
-- Schema for table `craft_fieldlayouts`
--
CREATE TABLE `craft_fieldlayouts` (
  `id` int(11) NOT NULL AUTO_INCREMENT,
  `type` varchar(150) COLLATE utf8_unicode_ci NOT NULL,
  `dateCreated` datetime NOT NULL,
  `dateUpdated` datetime NOT NULL,
  `uid` char(36) COLLATE utf8_unicode_ci NOT NULL DEFAULT '0',
  PRIMARY KEY (`id`),
  KEY `craft_fieldlayouts_type_idx` (`type`)
) ENGINE=InnoDB AUTO_INCREMENT=22 DEFAULT CHARSET=utf8 COLLATE=utf8_unicode_ci;

--
-- Data for table `craft_fieldlayouts`
--

INSERT INTO `craft_fieldlayouts` (`id`, `type`, `dateCreated`, `dateUpdated`, `uid`) VALUES
 ('1', 'Tag', '2018-01-26 11:02:43', '2018-01-26 11:02:43', 'f9e1dc8d-b8a1-4843-9787-501193f19b49'),
 ('6', 'MatrixBlock', '2018-01-26 11:09:44', '2018-01-26 11:09:44', 'e0835b8c-1a3b-4ff9-957d-d6be2e7d58ab'),
 ('11', 'MatrixBlock', '2018-01-26 11:13:54', '2018-01-26 11:13:54', '30c6fa96-ce5a-4e06-96b9-a054a5b4988d'),
 ('12', 'Entry', '2018-01-26 11:18:16', '2018-01-26 11:18:16', 'b61d542c-6cda-4e70-a59d-a2cc1c2761f6'),
 ('16', 'Entry', '2018-01-26 11:20:12', '2018-01-26 11:20:12', '44c90cc6-d970-45f9-8553-0c081d773408'),
 ('17', 'Category', '2018-01-26 11:30:52', '2018-01-26 11:30:52', 'd8e5eb57-e464-4255-8435-d8af8b93fbf8'),
 ('18', 'Entry', '2018-01-26 11:31:19', '2018-01-26 11:31:19', 'cc1eb53e-af71-4aea-af37-35e7731fcb63'),
 ('19', 'GlobalSet', '2018-01-26 11:40:23', '2018-01-26 11:40:23', '8167fb8e-c30f-4d7f-aa58-ace5eed419cf'),
 ('21', 'Asset', '2018-02-06 11:50:49', '2018-02-06 11:50:49', '54aca3bb-0000-4130-8394-27bc7582f591');



DROP TABLE IF EXISTS `craft_fieldlayouttabs`;


--
-- Schema for table `craft_fieldlayouttabs`
--
CREATE TABLE `craft_fieldlayouttabs` (
  `id` int(11) NOT NULL AUTO_INCREMENT,
  `layoutId` int(11) NOT NULL,
  `name` varchar(255) COLLATE utf8_unicode_ci NOT NULL,
  `sortOrder` smallint(6) unsigned DEFAULT NULL,
  `dateCreated` datetime NOT NULL,
  `dateUpdated` datetime NOT NULL,
  `uid` char(36) COLLATE utf8_unicode_ci NOT NULL DEFAULT '0',
  PRIMARY KEY (`id`),
  KEY `craft_fieldlayouttabs_sortOrder_idx` (`sortOrder`),
  KEY `craft_fieldlayouttabs_layoutId_fk` (`layoutId`)
) ENGINE=InnoDB AUTO_INCREMENT=12 DEFAULT CHARSET=utf8 COLLATE=utf8_unicode_ci;

--
-- Data for table `craft_fieldlayouttabs`
--

INSERT INTO `craft_fieldlayouttabs` (`id`, `layoutId`, `name`, `sortOrder`, `dateCreated`, `dateUpdated`, `uid`) VALUES
 ('3', '6', 'Content', '1', '2018-01-26 11:09:44', '2018-01-26 11:09:44', 'f2377171-8ceb-4411-a079-4ee90149ba69'),
 ('6', '11', 'Content', '1', '2018-01-26 11:13:54', '2018-01-26 11:13:54', '20796045-61b2-4fe5-92cf-0268c789ac8f'),
 ('7', '12', 'Content', '1', '2018-01-26 11:18:16', '2018-01-26 11:18:16', '3f29924e-71b9-4ba1-8cc3-c3295c8b1170'),
 ('9', '16', 'Tab 1', '1', '2018-01-26 11:20:12', '2018-01-26 11:20:12', '787c2069-84f0-4a94-a2f1-9f8af1fe76f3'),
 ('10', '18', 'Tab 1', '1', '2018-01-26 11:31:19', '2018-01-26 11:31:19', 'e7ad0612-492b-45be-997c-32627d8ef47e'),
 ('11', '19', 'Content', '1', '2018-01-26 11:40:23', '2018-01-26 11:40:23', '8dbc45bd-834b-451e-8eda-8c8ffdf803d1');



DROP TABLE IF EXISTS `craft_fields`;


--
-- Schema for table `craft_fields`
--
CREATE TABLE `craft_fields` (
  `id` int(11) NOT NULL AUTO_INCREMENT,
  `groupId` int(11) DEFAULT NULL,
  `name` varchar(255) COLLATE utf8_unicode_ci NOT NULL,
  `handle` varchar(58) COLLATE utf8_unicode_ci NOT NULL,
  `context` varchar(255) COLLATE utf8_unicode_ci NOT NULL DEFAULT 'global',
  `instructions` text COLLATE utf8_unicode_ci,
  `translatable` tinyint(1) unsigned NOT NULL DEFAULT '0',
  `type` varchar(150) COLLATE utf8_unicode_ci NOT NULL,
  `settings` text COLLATE utf8_unicode_ci,
  `dateCreated` datetime NOT NULL,
  `dateUpdated` datetime NOT NULL,
  `uid` char(36) COLLATE utf8_unicode_ci NOT NULL DEFAULT '0',
  PRIMARY KEY (`id`),
  UNIQUE KEY `craft_fields_handle_context_unq_idx` (`handle`,`context`),
  KEY `craft_fields_context_idx` (`context`),
  KEY `craft_fields_groupId_fk` (`groupId`)
) ENGINE=InnoDB AUTO_INCREMENT=21 DEFAULT CHARSET=utf8 COLLATE=utf8_unicode_ci;

--
-- Data for table `craft_fields`
--

INSERT INTO `craft_fields` (`id`, `groupId`, `name`, `handle`, `context`, `instructions`, `translatable`, `type`, `settings`, `dateCreated`, `dateUpdated`, `uid`) VALUES
 ('3', '2', 'Tagline', 'tagline', 'global', '', '0', 'PlainText', '{\"placeholder\":\"\",\"maxLength\":\"\",\"multiline\":\"\",\"initialRows\":\"4\"}', '2018-01-26 11:03:40', '2018-01-26 11:03:40', 'c52b6728-31bb-4724-a27e-6ea964686f70'),
 ('4', '2', 'Instagram URL', 'instagramUrl', 'global', '', '0', 'PlainText', '{\"placeholder\":\"\",\"maxLength\":\"\",\"multiline\":\"\",\"initialRows\":\"4\"}', '2018-01-26 11:03:47', '2018-01-26 11:03:47', '040fa793-7800-4a56-873d-e1129c5e7fec'),
 ('5', '3', 'Bio', 'bio', 'global', '', '0', 'RichText', '{\"configFile\":\"\",\"availableAssetSources\":\"*\",\"availableTransforms\":\"*\",\"cleanupHtml\":\"1\",\"purifyHtml\":\"1\",\"purifierConfig\":\"\",\"columnType\":\"text\"}', '2018-01-26 11:08:07', '2018-01-26 11:08:07', '99175c6b-4872-4f6b-b134-ddc823c84027'),
 ('7', '3', 'Email Address', 'emailAddress', 'global', '', '0', 'PlainText', '{\"placeholder\":\"\",\"maxLength\":\"\",\"multiline\":\"\",\"initialRows\":\"4\"}', '2018-01-26 11:08:33', '2018-01-26 11:08:33', '77c81acc-a849-4575-8d33-bbc1f16d03e5'),
 ('8', '3', 'Mailing Address', 'mailingAddress', 'global', '', '0', 'PlainText', '{\"placeholder\":\"\",\"maxLength\":\"\",\"multiline\":\"1\",\"initialRows\":\"4\"}', '2018-01-26 11:08:40', '2018-01-26 11:08:40', '451ae252-3acf-4987-8b6a-cca68cd5a5cb'),
 ('9', '3', 'Clients', 'clients', 'global', '', '0', 'Matrix', '{\"maxBlocks\":null}', '2018-01-26 11:09:44', '2018-01-26 11:09:44', 'e2ba3cc1-6c26-4ffb-9b2f-d91d15fa808a'),
 ('10', NULL, 'Title', 'listTitle', 'matrixBlockType:1', '', '0', 'PlainText', '{\"placeholder\":\"\",\"maxLength\":\"\",\"multiline\":\"\",\"initialRows\":\"4\"}', '2018-01-26 11:09:44', '2018-01-26 11:09:44', '49370ee3-0150-4e55-922a-45464e958656'),
 ('11', NULL, 'Content', 'listContent', 'matrixBlockType:1', '', '0', 'PlainText', '{\"placeholder\":\"\",\"maxLength\":\"\",\"multiline\":\"1\",\"initialRows\":\"4\"}', '2018-01-26 11:09:44', '2018-01-26 11:09:44', '682ea573-27d8-4b4e-8a01-1e2f4712b0f7'),
 ('12', '4', 'Images', 'images', 'global', '', '0', 'Assets', '{\"useSingleFolder\":\"1\",\"sources\":\"*\",\"defaultUploadLocationSource\":\"1\",\"defaultUploadLocationSubpath\":\"\",\"singleUploadLocationSource\":\"1\",\"singleUploadLocationSubpath\":\"\",\"restrictFiles\":\"1\",\"allowedKinds\":[\"image\"],\"limit\":\"\",\"viewMode\":\"large\",\"selectionLabel\":\"Add Images\"}', '2018-01-26 11:10:50', '2018-01-26 11:10:50', '637f38e9-9352-479a-95cd-f5a719b7880b'),
 ('13', '4', 'Multiline Title', 'multilineTitle', 'global', 'If you want to split the project title into lines, enter it here.', '0', 'PlainText', '{\"placeholder\":\"\",\"maxLength\":\"\",\"multiline\":\"1\",\"initialRows\":\"4\"}', '2018-01-26 11:11:15', '2018-01-26 11:11:15', '75b8795f-25f1-4397-86f1-5a9a61157a52'),
 ('14', '5', 'Slideshow', 'slideshow', 'global', '', '0', 'Matrix', '{\"maxBlocks\":null}', '2018-01-26 11:12:51', '2018-01-26 11:13:54', '25effad5-bc33-4dca-a967-22f1372bdab3'),
 ('15', NULL, 'Image', 'image', 'matrixBlockType:2', '', '0', 'Assets', '{\"useSingleFolder\":\"1\",\"sources\":\"*\",\"defaultUploadLocationSource\":\"1\",\"defaultUploadLocationSubpath\":\"\",\"singleUploadLocationSource\":\"1\",\"singleUploadLocationSubpath\":\"\",\"restrictFiles\":\"1\",\"allowedKinds\":[\"image\"],\"limit\":\"1\",\"viewMode\":\"large\",\"selectionLabel\":\"Add Image\"}', '2018-01-26 11:12:51', '2018-01-26 11:13:54', '30567525-9691-4d0c-a760-ebd0096992e5'),
 ('16', NULL, 'Fitting', 'fitting', 'matrixBlockType:2', '', '0', 'Dropdown', '{\"options\":[{\"label\":\"Fullscreen\",\"value\":\"cover\",\"default\":\"1\"},{\"label\":\"Fit In Page\",\"value\":\"contain\",\"default\":\"\"}]}', '2018-01-26 11:13:54', '2018-01-26 11:13:54', '6c556993-2c32-4d6c-9d4a-f437efc0c243'),
 ('17', NULL, 'Turn Text White?', 'turnTextWhite', 'matrixBlockType:2', '', '0', 'Lightswitch', '{\"default\":\"\"}', '2018-01-26 11:13:54', '2018-01-26 11:13:54', '2bbbbea3-22c6-44ce-9ce2-c4f642970850'),
 ('18', '6', 'Description', 'description', 'global', '', '0', 'PlainText', '{\"placeholder\":\"\",\"maxLength\":\"\",\"multiline\":\"\",\"initialRows\":\"4\"}', '2018-01-26 11:18:50', '2018-01-26 11:18:50', 'c1be14ec-7adf-473c-bc8a-8850d4093289'),
 ('19', '6', 'Image', 'image', 'global', '', '0', 'Assets', '{\"useSingleFolder\":\"1\",\"sources\":\"*\",\"defaultUploadLocationSource\":\"1\",\"defaultUploadLocationSubpath\":\"\",\"singleUploadLocationSource\":\"1\",\"singleUploadLocationSubpath\":\"\",\"restrictFiles\":\"1\",\"allowedKinds\":[\"image\"],\"limit\":\"1\",\"viewMode\":\"large\",\"selectionLabel\":\"Add Image\"}', '2018-01-26 11:19:07', '2018-01-26 11:19:07', '47bad185-900f-42aa-86ec-c09295e7981a'),
 ('20', '4', 'Category', 'category', 'global', '', '0', 'Categories', '{\"source\":\"group:1\",\"limit\":\"\",\"selectionLabel\":\"\"}', '2018-01-26 11:31:10', '2018-01-26 11:31:10', 'bffee686-f3bc-40e9-aebf-a49d3b2e6306');



DROP TABLE IF EXISTS `craft_globalsets`;


--
-- Schema for table `craft_globalsets`
--
CREATE TABLE `craft_globalsets` (
  `id` int(11) NOT NULL,
  `name` varchar(255) COLLATE utf8_unicode_ci NOT NULL,
  `handle` varchar(255) COLLATE utf8_unicode_ci NOT NULL,
  `fieldLayoutId` int(10) DEFAULT NULL,
  `dateCreated` datetime NOT NULL,
  `dateUpdated` datetime NOT NULL,
  `uid` char(36) COLLATE utf8_unicode_ci NOT NULL DEFAULT '0',
  PRIMARY KEY (`id`),
  UNIQUE KEY `craft_globalsets_name_unq_idx` (`name`),
  UNIQUE KEY `craft_globalsets_handle_unq_idx` (`handle`),
  KEY `craft_globalsets_fieldLayoutId_fk` (`fieldLayoutId`)
) ENGINE=InnoDB DEFAULT CHARSET=utf8 COLLATE=utf8_unicode_ci;

--
-- Data for table `craft_globalsets`
--

INSERT INTO `craft_globalsets` (`id`, `name`, `handle`, `fieldLayoutId`, `dateCreated`, `dateUpdated`, `uid`) VALUES
 ('4', 'Site Meta', 'siteMeta', '19', '2018-01-26 11:18:32', '2018-01-26 11:40:23', '56040498-59d5-490d-a079-612d64a3d623');



DROP TABLE IF EXISTS `craft_info`;


--
-- Schema for table `craft_info`
--
CREATE TABLE `craft_info` (
  `id` int(11) NOT NULL AUTO_INCREMENT,
  `version` varchar(50) COLLATE utf8_unicode_ci NOT NULL,
  `schemaVersion` varchar(15) COLLATE utf8_unicode_ci NOT NULL,
  `edition` tinyint(1) unsigned NOT NULL DEFAULT '0',
  `siteName` varchar(100) COLLATE utf8_unicode_ci NOT NULL,
  `siteUrl` varchar(255) COLLATE utf8_unicode_ci NOT NULL,
  `timezone` varchar(30) COLLATE utf8_unicode_ci DEFAULT NULL,
  `on` tinyint(1) unsigned NOT NULL DEFAULT '0',
  `maintenance` tinyint(1) unsigned NOT NULL DEFAULT '0',
  `dateCreated` datetime NOT NULL,
  `dateUpdated` datetime NOT NULL,
  `uid` char(36) COLLATE utf8_unicode_ci NOT NULL DEFAULT '0',
  PRIMARY KEY (`id`)
) ENGINE=InnoDB AUTO_INCREMENT=2 DEFAULT CHARSET=utf8 COLLATE=utf8_unicode_ci;

--
-- Data for table `craft_info`
--

INSERT INTO `craft_info` (`id`, `version`, `schemaVersion`, `edition`, `siteName`, `siteUrl`, `timezone`, `on`, `maintenance`, `dateCreated`, `dateUpdated`, `uid`) VALUES
 ('1', '2.6.3007', '2.6.13', '0', 'Havana Laffitte', 'http://www.havanalaffitte.com.gridhosted.co.uk', 'UTC', '1', '1', '2018-01-26 11:02:38', '2018-03-05 17:12:03', 'd38d0d8a-7104-48d0-90fa-b2185da23367');



DROP TABLE IF EXISTS `craft_locales`;


--
-- Schema for table `craft_locales`
--
CREATE TABLE `craft_locales` (
  `locale` char(12) COLLATE utf8_unicode_ci NOT NULL,
  `sortOrder` smallint(6) unsigned DEFAULT NULL,
  `dateCreated` datetime NOT NULL,
  `dateUpdated` datetime NOT NULL,
  `uid` char(36) COLLATE utf8_unicode_ci NOT NULL DEFAULT '0',
  PRIMARY KEY (`locale`),
  KEY `craft_locales_sortOrder_idx` (`sortOrder`)
) ENGINE=InnoDB DEFAULT CHARSET=utf8 COLLATE=utf8_unicode_ci;

--
-- Data for table `craft_locales`
--

INSERT INTO `craft_locales` (`locale`, `sortOrder`, `dateCreated`, `dateUpdated`, `uid`) VALUES
 ('en_us', '1', '2018-01-26 11:02:38', '2018-01-26 11:02:38', '8b6465a5-19f7-46b6-91a4-9547e8a35f39');



DROP TABLE IF EXISTS `craft_matrixblocks`;


--
-- Schema for table `craft_matrixblocks`
--
CREATE TABLE `craft_matrixblocks` (
  `id` int(11) NOT NULL,
  `ownerId` int(11) NOT NULL,
  `fieldId` int(11) NOT NULL,
  `typeId` int(11) DEFAULT NULL,
  `sortOrder` smallint(6) unsigned DEFAULT NULL,
  `ownerLocale` char(12) COLLATE utf8_unicode_ci DEFAULT NULL,
  `dateCreated` datetime NOT NULL,
  `dateUpdated` datetime NOT NULL,
  `uid` char(36) COLLATE utf8_unicode_ci NOT NULL DEFAULT '0',
  PRIMARY KEY (`id`),
  KEY `craft_matrixblocks_ownerId_idx` (`ownerId`),
  KEY `craft_matrixblocks_fieldId_idx` (`fieldId`),
  KEY `craft_matrixblocks_typeId_idx` (`typeId`),
  KEY `craft_matrixblocks_sortOrder_idx` (`sortOrder`),
  KEY `craft_matrixblocks_ownerLocale_fk` (`ownerLocale`)
) ENGINE=InnoDB DEFAULT CHARSET=utf8 COLLATE=utf8_unicode_ci;

--
-- Data for table `craft_matrixblocks`
--

INSERT INTO `craft_matrixblocks` (`id`, `ownerId`, `fieldId`, `typeId`, `sortOrder`, `ownerLocale`, `dateCreated`, `dateUpdated`, `uid`) VALUES
 ('9', '2', '14', '2', '1', NULL, '2018-01-26 11:29:45', '2018-01-29 14:50:38', '3818e11d-2214-46dd-8417-9e63547cc98f'),
 ('15', '5', '9', '1', '1', NULL, '2018-01-26 14:09:23', '2018-01-29 14:30:37', '0549971b-b6a4-470b-b90f-c957e24b62c2'),
 ('16', '5', '9', '1', '2', NULL, '2018-01-26 14:09:23', '2018-01-29 14:30:37', 'de28572d-17cb-43a4-b4be-3956c3d3d4bb'),
 ('17', '5', '9', '1', '3', NULL, '2018-01-26 14:09:23', '2018-01-29 14:30:37', '6e38ad7d-13ac-4890-b462-8797899f598c'),
 ('90', '2', '14', '2', '2', NULL, '2018-01-29 14:50:38', '2018-01-29 14:50:38', '6d1ee9b2-bfe6-490b-9af8-96aedaf5291a'),
 ('91', '2', '14', '2', '3', NULL, '2018-01-29 14:50:38', '2018-01-29 14:50:38', '9df87fbd-c426-4f7d-9254-bc3b650477a7'),
 ('92', '2', '14', '2', '4', NULL, '2018-01-29 14:50:38', '2018-01-29 14:50:38', '6ed50095-3794-446b-ad97-1a5d115165a6');



DROP TABLE IF EXISTS `craft_matrixblocktypes`;


--
-- Schema for table `craft_matrixblocktypes`
--
CREATE TABLE `craft_matrixblocktypes` (
  `id` int(11) NOT NULL AUTO_INCREMENT,
  `fieldId` int(11) NOT NULL,
  `fieldLayoutId` int(11) DEFAULT NULL,
  `name` varchar(255) COLLATE utf8_unicode_ci NOT NULL,
  `handle` varchar(255) COLLATE utf8_unicode_ci NOT NULL,
  `sortOrder` smallint(6) unsigned DEFAULT NULL,
  `dateCreated` datetime NOT NULL,
  `dateUpdated` datetime NOT NULL,
  `uid` char(36) COLLATE utf8_unicode_ci NOT NULL DEFAULT '0',
  PRIMARY KEY (`id`),
  UNIQUE KEY `craft_matrixblocktypes_name_fieldId_unq_idx` (`name`,`fieldId`),
  UNIQUE KEY `craft_matrixblocktypes_handle_fieldId_unq_idx` (`handle`,`fieldId`),
  KEY `craft_matrixblocktypes_fieldId_fk` (`fieldId`),
  KEY `craft_matrixblocktypes_fieldLayoutId_fk` (`fieldLayoutId`)
) ENGINE=InnoDB AUTO_INCREMENT=3 DEFAULT CHARSET=utf8 COLLATE=utf8_unicode_ci;

--
-- Data for table `craft_matrixblocktypes`
--

INSERT INTO `craft_matrixblocktypes` (`id`, `fieldId`, `fieldLayoutId`, `name`, `handle`, `sortOrder`, `dateCreated`, `dateUpdated`, `uid`) VALUES
 ('1', '9', '6', 'Client List', 'clientList', '1', '2018-01-26 11:09:44', '2018-01-26 11:09:44', '1add9aba-5e9f-4d72-92e6-b46d27d67c8d'),
 ('2', '14', '11', 'Slide', 'slide', '1', '2018-01-26 11:12:51', '2018-01-26 11:13:54', 'f05006f4-e2c0-46ee-833d-bb02fbf6938d');



DROP TABLE IF EXISTS `craft_matrixcontent_clients`;


--
-- Schema for table `craft_matrixcontent_clients`
--
CREATE TABLE `craft_matrixcontent_clients` (
  `id` int(11) NOT NULL AUTO_INCREMENT,
  `elementId` int(11) NOT NULL,
  `locale` char(12) COLLATE utf8_unicode_ci NOT NULL,
  `field_clientList_listTitle` text COLLATE utf8_unicode_ci,
  `field_clientList_listContent` text COLLATE utf8_unicode_ci,
  `dateCreated` datetime NOT NULL,
  `dateUpdated` datetime NOT NULL,
  `uid` char(36) COLLATE utf8_unicode_ci NOT NULL DEFAULT '0',
  PRIMARY KEY (`id`),
  UNIQUE KEY `craft_matrixcontent_clients_elementId_locale_unq_idx` (`elementId`,`locale`),
  KEY `craft_matrixcontent_clients_locale_fk` (`locale`)
) ENGINE=InnoDB AUTO_INCREMENT=4 DEFAULT CHARSET=utf8 COLLATE=utf8_unicode_ci;

--
-- Data for table `craft_matrixcontent_clients`
--

INSERT INTO `craft_matrixcontent_clients` (`id`, `elementId`, `locale`, `field_clientList_listTitle`, `field_clientList_listContent`, `dateCreated`, `dateUpdated`, `uid`) VALUES
 ('1', '15', 'en_us', 'Client List:', 'American Eagle Outfitters\r\nArmani Exchange\r\nBarneys New York\r\nBloomingdales\r\nCalvin Klein\r\nCerrutti 1881\r\nCynthia Rowley\r\nDKNY\r\nEdun\r\nGucci\r\nHache\r\nJack Spade\r\nKate Spade\r\nLOFT\r\nLa Garconne\r\nLevis\r\nMichael Kors\r\nPeter Som\r\nReplay\r\nRomeo Gigli\r\nSephora\r\nTarget\r\nTer et Bantine\r\nVictoria’s Secret\r\nWunderkind', '2018-01-26 14:09:23', '2018-01-29 14:30:37', 'a0ea1efe-965e-4992-829e-92f85a1bab49'),
 ('2', '16', 'en_us', 'Publications:', 'Arena Homme Plus\r\nDazed and Confused\r\nInterview Magazine\r\nLet’s Panic\r\nL’Official Hommes\r\nNova Magazine\r\nNumero France\r\nNylon Magazine\r\nSpin Magazine\r\nTeen Vogue\r\nThe Face\r\nV Magazine\r\nVisionaire\r\nVogue\r\nVogue Italia\r\nVogue Nippon (Japan)\r\nW Korea\r\ni-D Magazine', '2018-01-26 14:09:23', '2018-01-29 14:30:37', '255ed319-5dd3-43a5-a1f1-cb0c962fee43'),
 ('3', '17', 'en_us', 'Photographers:', 'Alasdair Mclellan\r\nAngelo Penneta\r\nAnneMariekeVan Drimmlen\r\nArthur Elgort\r\nBoo George\r\nBruce Weber\r\nCass Bird\r\nChad Moore\r\nColin Dodgson\r\nDaniel Jackson\r\nDavide Sorrenti\r\nEthan James Green\r\nGregory Harris\r\nJim Goldberg\r\nJosh Olins\r\nKaty Grannan\r\nKarim Sadli\r\nLachlan Bailey\r\nLeigh Ledare\r\nMark Borthwick\r\nMark Seliger\r\nMatt Jones\r\nNick Haymes\r\nNorman Jean Roy\r\nPamela Hanson\r\nPatrick Demarchelier\r\nRichard Burbridge\r\nRichard Kern\r\nRoe Etheridge\r\nSolve Sundsbo\r\nStephane Sednaoui\r\nSue De Beer\r\nTerry Richardson\r\nTheo Sion\r\nTheo Wenner\r\nThomas Schenk\r\nYelena Yemchuk', '2018-01-26 14:09:23', '2018-01-29 14:30:37', '3fe28ccf-9159-4bf6-9dbb-c6d6ddb30dd2');



DROP TABLE IF EXISTS `craft_matrixcontent_slideshow`;


--
-- Schema for table `craft_matrixcontent_slideshow`
--
CREATE TABLE `craft_matrixcontent_slideshow` (
  `id` int(11) NOT NULL AUTO_INCREMENT,
  `elementId` int(11) NOT NULL,
  `locale` char(12) COLLATE utf8_unicode_ci NOT NULL,
  `field_slide_fitting` varchar(255) COLLATE utf8_unicode_ci DEFAULT 'cover',
  `field_slide_turnTextWhite` tinyint(1) unsigned NOT NULL DEFAULT '0',
  `dateCreated` datetime NOT NULL,
  `dateUpdated` datetime NOT NULL,
  `uid` char(36) COLLATE utf8_unicode_ci NOT NULL DEFAULT '0',
  PRIMARY KEY (`id`),
  UNIQUE KEY `craft_matrixcontent_slideshow_elementId_locale_unq_idx` (`elementId`,`locale`),
  KEY `craft_matrixcontent_slideshow_locale_fk` (`locale`)
) ENGINE=InnoDB AUTO_INCREMENT=6 DEFAULT CHARSET=utf8 COLLATE=utf8_unicode_ci;

--
-- Data for table `craft_matrixcontent_slideshow`
--

INSERT INTO `craft_matrixcontent_slideshow` (`id`, `elementId`, `locale`, `field_slide_fitting`, `field_slide_turnTextWhite`, `dateCreated`, `dateUpdated`, `uid`) VALUES
 ('2', '9', 'en_us', 'cover', '1', '2018-01-26 11:29:45', '2018-01-29 14:50:38', '8111f1a6-24b5-453a-b154-85c26b35491e'),
 ('3', '90', 'en_us', 'contain', '0', '2018-01-29 14:50:38', '2018-01-29 14:50:38', 'cef56b3d-b913-42f4-a157-eaff07fc55c0'),
 ('4', '91', 'en_us', 'cover', '1', '2018-01-29 14:50:38', '2018-01-29 14:50:38', 'bb97d5c3-9efe-47ff-a8a0-02b8418c94d1'),
 ('5', '92', 'en_us', 'contain', '0', '2018-01-29 14:50:38', '2018-01-29 14:50:38', '2f5c53f0-10ba-4d18-b7c1-5b2beba4c609');



DROP TABLE IF EXISTS `craft_migrations`;


--
-- Schema for table `craft_migrations`
--
CREATE TABLE `craft_migrations` (
  `id` int(11) NOT NULL AUTO_INCREMENT,
  `pluginId` int(11) DEFAULT NULL,
  `version` varchar(255) COLLATE utf8_unicode_ci NOT NULL,
  `applyTime` datetime NOT NULL,
  `dateCreated` datetime NOT NULL,
  `dateUpdated` datetime NOT NULL,
  `uid` char(36) COLLATE utf8_unicode_ci NOT NULL DEFAULT '0',
  PRIMARY KEY (`id`),
  UNIQUE KEY `craft_migrations_version_unq_idx` (`version`),
  KEY `craft_migrations_pluginId_fk` (`pluginId`)
) ENGINE=InnoDB AUTO_INCREMENT=43 DEFAULT CHARSET=utf8 COLLATE=utf8_unicode_ci;

--
-- Data for table `craft_migrations`
--

INSERT INTO `craft_migrations` (`id`, `pluginId`, `version`, `applyTime`, `dateCreated`, `dateUpdated`, `uid`) VALUES
 ('1', NULL, 'm000000_000000_base', '2018-01-26 11:02:38', '2018-01-26 11:02:38', '2018-01-26 11:02:38', 'aa0e31b3-ccec-4251-aff7-5ea3bfeee744'),
 ('2', NULL, 'm140730_000001_add_filename_and_format_to_transformindex', '2018-01-26 11:02:38', '2018-01-26 11:02:38', '2018-01-26 11:02:38', 'd03e8689-fe6d-4eed-b9c8-125037144a7c'),
 ('3', NULL, 'm140815_000001_add_format_to_transforms', '2018-01-26 11:02:38', '2018-01-26 11:02:38', '2018-01-26 11:02:38', 'a2cdea9a-1233-4982-b883-9d18c33eb253'),
 ('4', NULL, 'm140822_000001_allow_more_than_128_items_per_field', '2018-01-26 11:02:38', '2018-01-26 11:02:38', '2018-01-26 11:02:38', 'cf241e43-d2f5-4386-9546-babac5ca9c77'),
 ('5', NULL, 'm140829_000001_single_title_formats', '2018-01-26 11:02:38', '2018-01-26 11:02:38', '2018-01-26 11:02:38', 'cc5c8f80-2da2-4f12-beab-31ad9bbe934c'),
 ('6', NULL, 'm140831_000001_extended_cache_keys', '2018-01-26 11:02:38', '2018-01-26 11:02:38', '2018-01-26 11:02:38', '0aae64aa-7765-42c7-953b-7f67555647da'),
 ('7', NULL, 'm140922_000001_delete_orphaned_matrix_blocks', '2018-01-26 11:02:38', '2018-01-26 11:02:38', '2018-01-26 11:02:38', 'b0acda2d-d6fa-42b1-9a9c-e02b9a1358c4'),
 ('8', NULL, 'm141008_000001_elements_index_tune', '2018-01-26 11:02:38', '2018-01-26 11:02:38', '2018-01-26 11:02:38', 'e498559b-dde8-40eb-acca-e3fb0a4ad1aa'),
 ('9', NULL, 'm141009_000001_assets_source_handle', '2018-01-26 11:02:38', '2018-01-26 11:02:38', '2018-01-26 11:02:38', '5aa68b2c-8f68-443c-b41f-7176f1f75ad2'),
 ('10', NULL, 'm141024_000001_field_layout_tabs', '2018-01-26 11:02:38', '2018-01-26 11:02:38', '2018-01-26 11:02:38', '19613bec-487e-4ab5-9095-f5137fff2c43'),
 ('11', NULL, 'm141030_000000_plugin_schema_versions', '2018-01-26 11:02:38', '2018-01-26 11:02:38', '2018-01-26 11:02:38', 'b0d1fa86-0973-4dee-b1ee-d2739137ea3d'),
 ('12', NULL, 'm141030_000001_drop_structure_move_permission', '2018-01-26 11:02:38', '2018-01-26 11:02:38', '2018-01-26 11:02:38', 'ead7c6ec-a3d8-458e-b3be-de44a1e034af'),
 ('13', NULL, 'm141103_000001_tag_titles', '2018-01-26 11:02:38', '2018-01-26 11:02:38', '2018-01-26 11:02:38', '709b04b5-4665-4943-8d7b-279011e5d823'),
 ('14', NULL, 'm141109_000001_user_status_shuffle', '2018-01-26 11:02:38', '2018-01-26 11:02:38', '2018-01-26 11:02:38', '074e4ab5-8b66-42c3-abdb-41f083feb466'),
 ('15', NULL, 'm141126_000001_user_week_start_day', '2018-01-26 11:02:38', '2018-01-26 11:02:38', '2018-01-26 11:02:38', '4af51084-f55a-482c-9842-da512f92928d'),
 ('16', NULL, 'm150210_000001_adjust_user_photo_size', '2018-01-26 11:02:38', '2018-01-26 11:02:38', '2018-01-26 11:02:38', 'c8f9457b-c5d3-4f67-9641-eadc5d74719a'),
 ('17', NULL, 'm150724_000001_adjust_quality_settings', '2018-01-26 11:02:38', '2018-01-26 11:02:38', '2018-01-26 11:02:38', '6d46b8a1-5f7a-4e74-bc25-64ac337cc251'),
 ('18', NULL, 'm150827_000000_element_index_settings', '2018-01-26 11:02:38', '2018-01-26 11:02:38', '2018-01-26 11:02:38', '001e2b10-243f-4842-b57d-75879dc54a64'),
 ('19', NULL, 'm150918_000001_add_colspan_to_widgets', '2018-01-26 11:02:38', '2018-01-26 11:02:38', '2018-01-26 11:02:38', '909520d1-7606-407e-bc7d-d0b5c8826d62'),
 ('20', NULL, 'm151007_000000_clear_asset_caches', '2018-01-26 11:02:38', '2018-01-26 11:02:38', '2018-01-26 11:02:38', 'f25cc245-7f74-40ed-8cc3-8686b8889d62'),
 ('21', NULL, 'm151109_000000_text_url_formats', '2018-01-26 11:02:38', '2018-01-26 11:02:38', '2018-01-26 11:02:38', '2d454d4f-82e0-45b9-8e59-c8d559eb0bcd'),
 ('22', NULL, 'm151110_000000_move_logo', '2018-01-26 11:02:38', '2018-01-26 11:02:38', '2018-01-26 11:02:38', '69150835-c37d-4cde-a998-c0e0bfb7c2ac'),
 ('23', NULL, 'm151117_000000_adjust_image_widthheight', '2018-01-26 11:02:38', '2018-01-26 11:02:38', '2018-01-26 11:02:38', 'e40e8652-4b0b-402e-85ba-eab5b71f11ca'),
 ('24', NULL, 'm151127_000000_clear_license_key_status', '2018-01-26 11:02:38', '2018-01-26 11:02:38', '2018-01-26 11:02:38', 'e2cec8ac-e030-40a1-8a81-13237b0de350'),
 ('25', NULL, 'm151127_000000_plugin_license_keys', '2018-01-26 11:02:38', '2018-01-26 11:02:38', '2018-01-26 11:02:38', '5d448e26-b182-4c2a-bb8c-102e15225fdf'),
 ('26', NULL, 'm151130_000000_update_pt_widget_feeds', '2018-01-26 11:02:38', '2018-01-26 11:02:38', '2018-01-26 11:02:38', '7ae2f538-8829-4ad6-a563-58c15c620ab7'),
 ('27', NULL, 'm160114_000000_asset_sources_public_url_default_true', '2018-01-26 11:02:38', '2018-01-26 11:02:38', '2018-01-26 11:02:38', '3d6efaf5-5549-49e1-84df-2d186351d20d'),
 ('28', NULL, 'm160223_000000_sortorder_to_smallint', '2018-01-26 11:02:38', '2018-01-26 11:02:38', '2018-01-26 11:02:38', '2ebe1627-7ce5-4f59-a927-9d5f206a836e'),
 ('29', NULL, 'm160229_000000_set_default_entry_statuses', '2018-01-26 11:02:38', '2018-01-26 11:02:38', '2018-01-26 11:02:38', 'bb90bceb-c3c0-4bf1-a71a-7039c5d08a70'),
 ('30', NULL, 'm160304_000000_client_permissions', '2018-01-26 11:02:38', '2018-01-26 11:02:38', '2018-01-26 11:02:38', 'ec68e00b-8ba8-42f5-b537-ef1ed7a23e55'),
 ('31', NULL, 'm160322_000000_asset_filesize', '2018-01-26 11:02:38', '2018-01-26 11:02:38', '2018-01-26 11:02:38', 'da727182-04ff-40b6-934f-eea4d725cd2a'),
 ('32', NULL, 'm160503_000000_orphaned_fieldlayouts', '2018-01-26 11:02:38', '2018-01-26 11:02:38', '2018-01-26 11:02:38', '0b5de792-92d6-469f-961b-ffbd6cec3b2c'),
 ('33', NULL, 'm160510_000000_tasksettings', '2018-01-26 11:02:38', '2018-01-26 11:02:38', '2018-01-26 11:02:38', 'c69a970b-e014-4630-8ac6-c76f21ada0c8'),
 ('34', NULL, 'm160829_000000_pending_user_content_cleanup', '2018-01-26 11:02:38', '2018-01-26 11:02:38', '2018-01-26 11:02:38', 'c23927bc-f10d-4657-8393-268199928a96'),
 ('35', NULL, 'm160830_000000_asset_index_uri_increase', '2018-01-26 11:02:38', '2018-01-26 11:02:38', '2018-01-26 11:02:38', '91df26ce-9cd8-4aa3-9d85-a92eac499c60'),
 ('36', NULL, 'm160919_000000_usergroup_handle_title_unique', '2018-01-26 11:02:38', '2018-01-26 11:02:38', '2018-01-26 11:02:38', 'b80fb4ab-8ae9-4849-95f7-40a90f26d01b'),
 ('37', NULL, 'm161108_000000_new_version_format', '2018-01-26 11:02:38', '2018-01-26 11:02:38', '2018-01-26 11:02:38', '87a48ab7-2f98-4f4a-b202-b018ecd45964'),
 ('38', NULL, 'm161109_000000_index_shuffle', '2018-01-26 11:02:38', '2018-01-26 11:02:38', '2018-01-26 11:02:38', '9efd91bc-e48b-4d89-a88e-b161fa4793cb'),
 ('39', NULL, 'm170612_000000_route_index_shuffle', '2018-01-26 11:02:38', '2018-01-26 11:02:38', '2018-01-26 11:02:38', 'cad32108-faed-45f0-8972-cb056e9b0afb'),
 ('40', NULL, 'm171107_000000_assign_group_permissions', '2018-01-26 11:02:38', '2018-01-26 11:02:38', '2018-01-26 11:02:38', '50daa01e-e607-4e7f-89aa-827b7c05702c'),
 ('41', NULL, 'm171117_000001_templatecache_index_tune', '2018-01-26 11:02:38', '2018-01-26 11:02:38', '2018-01-26 11:02:38', '729525d2-540a-4068-9a7e-ae090733b1e9'),
 ('42', NULL, 'm171204_000001_templatecache_index_tune_deux', '2018-01-26 11:02:38', '2018-01-26 11:02:38', '2018-01-26 11:02:38', '862f76bf-38d7-4070-9b38-0dc05379ab7e');



DROP TABLE IF EXISTS `craft_plugins`;


--
-- Schema for table `craft_plugins`
--
CREATE TABLE `craft_plugins` (
  `id` int(11) NOT NULL AUTO_INCREMENT,
  `class` varchar(150) COLLATE utf8_unicode_ci NOT NULL,
  `version` varchar(15) COLLATE utf8_unicode_ci NOT NULL,
  `schemaVersion` varchar(15) COLLATE utf8_unicode_ci DEFAULT NULL,
  `licenseKey` char(24) COLLATE utf8_unicode_ci DEFAULT NULL,
  `licenseKeyStatus` enum('valid','invalid','mismatched','unknown') COLLATE utf8_unicode_ci NOT NULL DEFAULT 'unknown',
  `enabled` tinyint(1) unsigned NOT NULL DEFAULT '0',
  `settings` text COLLATE utf8_unicode_ci,
  `installDate` datetime NOT NULL,
  `dateCreated` datetime NOT NULL,
  `dateUpdated` datetime NOT NULL,
  `uid` char(36) COLLATE utf8_unicode_ci NOT NULL DEFAULT '0',
  PRIMARY KEY (`id`)
) ENGINE=InnoDB DEFAULT CHARSET=utf8 COLLATE=utf8_unicode_ci;

DROP TABLE IF EXISTS `craft_rackspaceaccess`;


--
-- Schema for table `craft_rackspaceaccess`
--
CREATE TABLE `craft_rackspaceaccess` (
  `id` int(11) NOT NULL AUTO_INCREMENT,
  `connectionKey` varchar(255) COLLATE utf8_unicode_ci NOT NULL,
  `token` varchar(255) COLLATE utf8_unicode_ci NOT NULL,
  `storageUrl` varchar(255) COLLATE utf8_unicode_ci NOT NULL,
  `cdnUrl` varchar(255) COLLATE utf8_unicode_ci NOT NULL,
  `dateCreated` datetime NOT NULL,
  `dateUpdated` datetime NOT NULL,
  `uid` char(36) COLLATE utf8_unicode_ci NOT NULL DEFAULT '0',
  PRIMARY KEY (`id`),
  UNIQUE KEY `craft_rackspaceaccess_connectionKey_unq_idx` (`connectionKey`)
) ENGINE=InnoDB DEFAULT CHARSET=utf8 COLLATE=utf8_unicode_ci;

DROP TABLE IF EXISTS `craft_relations`;


--
-- Schema for table `craft_relations`
--
CREATE TABLE `craft_relations` (
  `id` int(11) NOT NULL AUTO_INCREMENT,
  `fieldId` int(11) NOT NULL,
  `sourceId` int(11) NOT NULL,
  `sourceLocale` char(12) COLLATE utf8_unicode_ci DEFAULT NULL,
  `targetId` int(11) NOT NULL,
  `sortOrder` smallint(6) DEFAULT NULL,
  `dateCreated` datetime NOT NULL,
  `dateUpdated` datetime NOT NULL,
  `uid` char(36) COLLATE utf8_unicode_ci NOT NULL DEFAULT '0',
  PRIMARY KEY (`id`),
  UNIQUE KEY `craft_relations_fieldId_sourceId_sourceLocale_targetId_unq_idx` (`fieldId`,`sourceId`,`sourceLocale`,`targetId`),
  KEY `craft_relations_sourceId_fk` (`sourceId`),
  KEY `craft_relations_sourceLocale_fk` (`sourceLocale`),
  KEY `craft_relations_targetId_fk` (`targetId`)
) ENGINE=InnoDB AUTO_INCREMENT=150 DEFAULT CHARSET=utf8 COLLATE=utf8_unicode_ci;

--
-- Data for table `craft_relations`
--

INSERT INTO `craft_relations` (`id`, `fieldId`, `sourceId`, `sourceLocale`, `targetId`, `sortOrder`, `dateCreated`, `dateUpdated`, `uid`) VALUES
 ('15', '19', '4', NULL, '7', '1', '2018-01-29 12:14:56', '2018-01-29 12:14:56', '49bea16c-4843-4628-ad9d-a6d76e55858c'),
 ('37', '12', '43', NULL, '41', '1', '2018-01-29 14:34:35', '2018-01-29 14:34:35', 'f776844c-bb00-43f2-b964-a413a269f18a'),
 ('38', '12', '43', NULL, '42', '2', '2018-01-29 14:34:35', '2018-01-29 14:34:35', '75b94a8e-1e92-4199-bacd-6b1f6e723ddb'),
 ('39', '20', '43', NULL, '13', '1', '2018-01-29 14:34:35', '2018-01-29 14:34:35', '7cca211e-01fd-4ed5-a51d-78c08297b3ff'),
 ('66', '12', '85', NULL, '70', '1', '2018-01-29 14:36:49', '2018-01-29 14:36:49', 'ec99e08b-0e44-440a-89a9-45a7d946078f'),
 ('67', '12', '85', NULL, '71', '2', '2018-01-29 14:36:49', '2018-01-29 14:36:49', '074d5d2c-dd68-4ce4-baf4-decdc84d3462'),
 ('68', '12', '85', NULL, '72', '3', '2018-01-29 14:36:49', '2018-01-29 14:36:49', '3e1fa66d-c4a1-437d-af97-fb219dd66c59'),
 ('69', '12', '85', NULL, '73', '4', '2018-01-29 14:36:49', '2018-01-29 14:36:49', '125f83d2-6247-4dc8-8a5a-20379f7161bf'),
 ('70', '12', '85', NULL, '74', '5', '2018-01-29 14:36:49', '2018-01-29 14:36:49', '79f8a32d-9849-4110-97ed-3531e46efea5'),
 ('71', '12', '85', NULL, '75', '6', '2018-01-29 14:36:49', '2018-01-29 14:36:49', '1f74bf06-db13-4c4e-ba16-8d4636e05659'),
 ('72', '12', '85', NULL, '76', '7', '2018-01-29 14:36:49', '2018-01-29 14:36:49', 'dfc5842d-8fd1-4d92-a120-8d6194aa4732'),
 ('73', '12', '85', NULL, '77', '8', '2018-01-29 14:36:49', '2018-01-29 14:36:49', '0ced254f-83a7-405d-85ad-40b250d232fd'),
 ('74', '12', '85', NULL, '78', '9', '2018-01-29 14:36:49', '2018-01-29 14:36:49', 'f2553ce7-1196-493a-b5b5-bde5dd436f13'),
 ('75', '12', '85', NULL, '79', '10', '2018-01-29 14:36:49', '2018-01-29 14:36:49', 'b8ef98ce-e4dc-495c-ab6d-67e4ff469d27'),
 ('76', '12', '85', NULL, '80', '11', '2018-01-29 14:36:49', '2018-01-29 14:36:49', '22f77594-829f-4549-9a9c-d6956f35873e'),
 ('77', '12', '85', NULL, '81', '12', '2018-01-29 14:36:49', '2018-01-29 14:36:49', '96a0391d-35f6-439f-9d16-508fd86b4be8'),
 ('78', '12', '85', NULL, '82', '13', '2018-01-29 14:36:49', '2018-01-29 14:36:49', '09fc6fd1-adbb-432b-8304-76130f2a0a10'),
 ('79', '12', '85', NULL, '83', '14', '2018-01-29 14:36:49', '2018-01-29 14:36:49', '48d6d403-caf8-4ede-a14d-9b3671ece715'),
 ('80', '12', '85', NULL, '84', '15', '2018-01-29 14:36:49', '2018-01-29 14:36:49', '19a361ce-00ee-43e4-b0b4-9a09d8631320'),
 ('81', '15', '9', NULL, '86', '1', '2018-01-29 14:50:38', '2018-01-29 14:50:38', '92c4613b-b04b-432e-b969-cf485f745423'),
 ('82', '15', '90', NULL, '87', '1', '2018-01-29 14:50:38', '2018-01-29 14:50:38', '35ba111c-6ac6-4316-afd3-2d48593bcaf0'),
 ('83', '15', '91', NULL, '88', '1', '2018-01-29 14:50:38', '2018-01-29 14:50:38', 'a6671324-1a13-4f89-9cc5-d2a4ba200c73'),
 ('84', '15', '92', NULL, '89', '1', '2018-01-29 14:50:38', '2018-01-29 14:50:38', '88169a8e-2e01-492a-a10d-f3c7b1154839'),
 ('93', '12', '40', NULL, '37', '1', '2018-03-05 17:04:27', '2018-03-05 17:04:27', '42362431-5c5c-49ac-ab31-f0efc7698dee'),
 ('94', '12', '40', NULL, '38', '2', '2018-03-05 17:04:27', '2018-03-05 17:04:27', '6e396b49-e11a-43e4-8bb1-b83784aeba96'),
 ('95', '12', '40', NULL, '39', '3', '2018-03-05 17:04:27', '2018-03-05 17:04:27', '23c550a8-7899-4fdd-953d-d2b6c6e25746'),
 ('96', '20', '40', NULL, '13', '1', '2018-03-05 17:04:27', '2018-03-05 17:04:27', 'd59eb5a3-f29e-40ef-833c-93251a08f88d'),
 ('97', '12', '53', NULL, '44', '1', '2018-03-05 17:05:04', '2018-03-05 17:05:04', '9bde7e85-9505-4126-a0a4-5dcaf8fea9c3'),
 ('98', '12', '53', NULL, '45', '2', '2018-03-05 17:05:04', '2018-03-05 17:05:04', '3d5178bf-d91c-4dd0-bc04-ce6a6e987031'),
 ('99', '12', '53', NULL, '46', '3', '2018-03-05 17:05:04', '2018-03-05 17:05:04', '5b93be08-cb56-49c6-ae33-526c75f5b92b'),
 ('100', '12', '53', NULL, '47', '4', '2018-03-05 17:05:04', '2018-03-05 17:05:04', '5c62c203-5612-41b6-b63e-330152e0a328'),
 ('101', '12', '53', NULL, '48', '5', '2018-03-05 17:05:04', '2018-03-05 17:05:04', 'b136affa-d575-4bd9-ae36-13202dfb3738'),
 ('102', '12', '53', NULL, '49', '6', '2018-03-05 17:05:04', '2018-03-05 17:05:04', 'd285a113-d067-408c-bebe-d7d94b2c6a22'),
 ('103', '12', '53', NULL, '50', '7', '2018-03-05 17:05:04', '2018-03-05 17:05:04', 'f2632c8b-5408-4cc8-bf7d-7359657c3ab2'),
 ('104', '12', '53', NULL, '51', '8', '2018-03-05 17:05:04', '2018-03-05 17:05:04', '5b810c8d-5732-4308-a2ed-78817c32050c'),
 ('105', '12', '53', NULL, '52', '9', '2018-03-05 17:05:04', '2018-03-05 17:05:04', 'a6832056-37c0-4464-82a9-8774ad8b7372'),
 ('106', '20', '53', NULL, '13', '1', '2018-03-05 17:05:04', '2018-03-05 17:05:04', '9321a55b-ed2f-49b2-9b77-a6cfd62012d5'),
 ('107', '12', '27', NULL, '18', '1', '2018-03-05 17:05:30', '2018-03-05 17:05:30', '9b9933cf-f1a9-4b16-8684-b381c464d846'),
 ('108', '12', '27', NULL, '19', '2', '2018-03-05 17:05:30', '2018-03-05 17:05:30', 'c4ea54b9-aedd-4d5e-b1f9-fa7ce53e79af'),
 ('109', '12', '27', NULL, '20', '3', '2018-03-05 17:05:30', '2018-03-05 17:05:30', 'ee78fb18-581d-432e-ba24-33b95b3c0704'),
 ('110', '12', '27', NULL, '21', '4', '2018-03-05 17:05:30', '2018-03-05 17:05:30', 'a5033383-e240-4f5a-af0f-3fdbdefcbf08'),
 ('111', '12', '27', NULL, '22', '5', '2018-03-05 17:05:30', '2018-03-05 17:05:30', 'c8c5efeb-6554-4bbe-bfba-abf7b6a1e53d'),
 ('112', '12', '27', NULL, '23', '6', '2018-03-05 17:05:30', '2018-03-05 17:05:30', '430bd9c6-c32e-4a9b-9365-cc6409d9182f'),
 ('113', '12', '27', NULL, '24', '7', '2018-03-05 17:05:30', '2018-03-05 17:05:30', 'c6e8e43e-6799-4796-8a08-b65d72e6aa9c'),
 ('114', '12', '27', NULL, '25', '8', '2018-03-05 17:05:30', '2018-03-05 17:05:30', 'dfe2d854-507f-404e-b39b-d31a32821568'),
 ('115', '12', '27', NULL, '26', '9', '2018-03-05 17:05:30', '2018-03-05 17:05:30', '793dc470-7dd3-4a6c-a238-d858856b71bc'),
 ('116', '12', '36', NULL, '28', '1', '2018-03-05 17:05:43', '2018-03-05 17:05:43', '2c8518e2-d256-4b53-8375-d9def6eec328'),
 ('117', '12', '36', NULL, '29', '2', '2018-03-05 17:05:43', '2018-03-05 17:05:43', '0e4765c4-d6a0-419c-8f1a-a302f63abb5a'),
 ('118', '12', '36', NULL, '30', '3', '2018-03-05 17:05:43', '2018-03-05 17:05:43', '130f827a-3e21-4ef5-9152-09d36f35bdc7'),
 ('119', '12', '36', NULL, '31', '4', '2018-03-05 17:05:43', '2018-03-05 17:05:43', '84ceca9d-51f7-4b93-88b1-385003d246fa'),
 ('120', '12', '36', NULL, '32', '5', '2018-03-05 17:05:43', '2018-03-05 17:05:43', 'f715ab61-83ce-406f-b1b3-527ef98b0f36'),
 ('121', '12', '36', NULL, '33', '6', '2018-03-05 17:05:43', '2018-03-05 17:05:43', '2e198430-d0c8-4e3e-baa3-6f4fe8dc8f9e'),
 ('122', '12', '36', NULL, '34', '7', '2018-03-05 17:05:43', '2018-03-05 17:05:43', '696a7226-ee26-494c-9db8-94d191b7b7f1'),
 ('123', '12', '36', NULL, '35', '8', '2018-03-05 17:05:43', '2018-03-05 17:05:43', 'e6033e2a-037a-4070-9e90-028e8f6d8f95'),
 ('124', '12', '60', NULL, '54', '1', '2018-03-05 17:06:03', '2018-03-05 17:06:03', '524661f6-6079-4419-90ea-9ede8a92f29e'),
 ('125', '12', '60', NULL, '55', '2', '2018-03-05 17:06:03', '2018-03-05 17:06:03', '6de93978-de39-4b4e-ad64-283f9d89cdd8'),
 ('126', '12', '60', NULL, '56', '3', '2018-03-05 17:06:03', '2018-03-05 17:06:03', '912c194d-f99b-4640-a1a8-7d0bb5e65a39'),
 ('127', '12', '60', NULL, '57', '4', '2018-03-05 17:06:03', '2018-03-05 17:06:03', '7c252a5b-3462-4260-b05b-8ab47859fe1f'),
 ('128', '12', '60', NULL, '58', '5', '2018-03-05 17:06:03', '2018-03-05 17:06:03', 'fcb3f46b-ef13-4780-866a-d1831098d968'),
 ('129', '12', '60', NULL, '59', '6', '2018-03-05 17:06:03', '2018-03-05 17:06:03', 'e2b52ebc-aaa9-4e12-9848-ab3a50d497f4'),
 ('130', '20', '60', NULL, '14', '1', '2018-03-05 17:06:03', '2018-03-05 17:06:03', '80f04b1a-aa06-42c0-87b6-e63a8c76cb26'),
 ('131', '12', '69', NULL, '62', '1', '2018-03-05 17:06:16', '2018-03-05 17:06:16', '811dbea1-7c76-4390-b459-6af4b13bd469'),
 ('132', '12', '69', NULL, '63', '2', '2018-03-05 17:06:16', '2018-03-05 17:06:16', '8826d22a-0c86-467f-ab8b-a362569200c6'),
 ('133', '12', '69', NULL, '64', '3', '2018-03-05 17:06:16', '2018-03-05 17:06:16', '5751c440-9c26-447a-9156-1ae6e7d4457b'),
 ('134', '12', '69', NULL, '61', '4', '2018-03-05 17:06:16', '2018-03-05 17:06:16', '323363a4-2f9c-48f2-a0ca-2291ed51663b'),
 ('135', '12', '69', NULL, '65', '5', '2018-03-05 17:06:16', '2018-03-05 17:06:16', '1cd98fe5-d6ee-4edf-bd7b-fd0b1a3a6823'),
 ('136', '12', '69', NULL, '66', '6', '2018-03-05 17:06:16', '2018-03-05 17:06:16', '79ad3d1d-6269-4642-877a-8a8212e31db5'),
 ('137', '12', '69', NULL, '67', '7', '2018-03-05 17:06:16', '2018-03-05 17:06:16', 'cdf07e63-d4f6-4168-961b-e0d530e44e5e'),
 ('138', '12', '69', NULL, '68', '8', '2018-03-05 17:06:16', '2018-03-05 17:06:16', '3f06ecf8-ad90-449c-9384-73833eb0c75b'),
 ('139', '20', '69', NULL, '14', '1', '2018-03-05 17:06:16', '2018-03-05 17:06:16', '63fc612b-5ba8-463f-8693-77d7287e7415'),
 ('140', '12', '103', NULL, '94', '1', '2018-03-05 17:09:19', '2018-03-05 17:09:19', '672aab6d-b257-44cf-a65e-1e3484cc478d'),
 ('141', '12', '103', NULL, '95', '2', '2018-03-05 17:09:19', '2018-03-05 17:09:19', 'd132a2a3-5068-40a6-ac18-5c1eb2a7ee1c'),
 ('142', '12', '103', NULL, '96', '3', '2018-03-05 17:09:19', '2018-03-05 17:09:19', 'c26c03c7-0b1a-42fd-8012-9c82cf8bb4c0'),
 ('143', '12', '103', NULL, '97', '4', '2018-03-05 17:09:19', '2018-03-05 17:09:19', '4fd7e181-78b9-4998-b5b0-33348701ffd8'),
 ('144', '12', '103', NULL, '98', '5', '2018-03-05 17:09:19', '2018-03-05 17:09:19', '916a8d8e-0c8a-437d-a30f-bf94d5b112ce'),
 ('145', '12', '103', NULL, '99', '6', '2018-03-05 17:09:19', '2018-03-05 17:09:19', '4c1e60be-1b2b-4bb0-a8af-34e02ddc3fde'),
 ('146', '12', '103', NULL, '100', '7', '2018-03-05 17:09:19', '2018-03-05 17:09:19', '3035dd5d-5d00-46fa-8db9-bfae1f630871'),
 ('147', '12', '103', NULL, '101', '8', '2018-03-05 17:09:19', '2018-03-05 17:09:19', '22b21639-abd1-4856-a779-ccbeece7fb9c'),
 ('148', '12', '103', NULL, '102', '9', '2018-03-05 17:09:19', '2018-03-05 17:09:19', 'd8aaf6b9-f5cd-43e3-a2c0-2621f202fcb4'),
 ('149', '20', '103', NULL, '13', '1', '2018-03-05 17:09:19', '2018-03-05 17:09:19', '762e8008-8590-4a56-9cfa-4ff6e86dcad3');



DROP TABLE IF EXISTS `craft_routes`;


--
-- Schema for table `craft_routes`
--
CREATE TABLE `craft_routes` (
  `id` int(11) NOT NULL AUTO_INCREMENT,
  `locale` char(12) COLLATE utf8_unicode_ci DEFAULT NULL,
  `urlParts` varchar(255) COLLATE utf8_unicode_ci NOT NULL,
  `urlPattern` varchar(255) COLLATE utf8_unicode_ci NOT NULL,
  `template` varchar(255) COLLATE utf8_unicode_ci NOT NULL,
  `sortOrder` smallint(6) unsigned DEFAULT NULL,
  `dateCreated` datetime NOT NULL,
  `dateUpdated` datetime NOT NULL,
  `uid` char(36) COLLATE utf8_unicode_ci NOT NULL DEFAULT '0',
  PRIMARY KEY (`id`),
  KEY `craft_routes_locale_idx` (`locale`),
  KEY `craft_routes_urlPattern_idx` (`urlPattern`)
) ENGINE=InnoDB DEFAULT CHARSET=utf8 COLLATE=utf8_unicode_ci;

DROP TABLE IF EXISTS `craft_searchindex`;


--
-- Schema for table `craft_searchindex`
--
CREATE TABLE `craft_searchindex` (
  `elementId` int(11) NOT NULL,
  `attribute` varchar(25) COLLATE utf8_unicode_ci NOT NULL,
  `fieldId` int(11) NOT NULL,
  `locale` char(12) COLLATE utf8_unicode_ci NOT NULL,
  `keywords` text COLLATE utf8_unicode_ci NOT NULL,
  PRIMARY KEY (`elementId`,`attribute`,`fieldId`,`locale`),
  FULLTEXT KEY `craft_searchindex_keywords_idx` (`keywords`)
) ENGINE=MyISAM DEFAULT CHARSET=utf8 COLLATE=utf8_unicode_ci;

--
-- Data for table `craft_searchindex`
--

INSERT INTO `craft_searchindex` (`elementId`, `attribute`, `fieldId`, `locale`, `keywords`) VALUES
 ('1', 'username', '0', 'en_us', ' tompratt '),
 ('1', 'firstname', '0', 'en_us', ''),
 ('1', 'lastname', '0', 'en_us', ''),
 ('1', 'fullname', '0', 'en_us', ''),
 ('1', 'email', '0', 'en_us', ' tom thisiscatalogue co uk '),
 ('1', 'slug', '0', 'en_us', ''),
 ('2', 'slug', '0', 'en_us', ' homepage '),
 ('2', 'title', '0', 'en_us', ' homepage '),
 ('2', 'field', '1', 'en_us', ' it s true this site doesn t have a whole lot of content yet but don t worry our web developers have just installed the cms and they re setting things up for the content editors this very moment soon craft development will be an oasis of fresh perspectives sharp analyses and astute opinions that will keep you coming back again and again '),
 ('4', 'slug', '0', 'en_us', ''),
 ('4', 'field', '19', 'en_us', ' screen shot 2018 01 26 at 11 20 59 '),
 ('4', 'field', '18', 'en_us', ' fashion and creative consultant '),
 ('5', 'slug', '0', 'en_us', ' information '),
 ('5', 'title', '0', 'en_us', ' information '),
 ('6', 'filename', '0', 'en_us', ' screen shot 2018 01 26 at 11 20 50 png '),
 ('6', 'extension', '0', 'en_us', ' png '),
 ('6', 'kind', '0', 'en_us', ' image '),
 ('6', 'slug', '0', 'en_us', ' screen shot 2018 01 26 at 11 20 50 '),
 ('6', 'title', '0', 'en_us', ' screen shot 2018 01 26 at 11 20 50 '),
 ('7', 'filename', '0', 'en_us', ' screen shot 2018 01 26 at 11 20 59 png '),
 ('7', 'extension', '0', 'en_us', ' png '),
 ('7', 'kind', '0', 'en_us', ' image '),
 ('7', 'slug', '0', 'en_us', ' screen shot 2018 01 26 at 11 20 59 '),
 ('7', 'title', '0', 'en_us', ' screen shot 2018 01 26 at 11 20 59 '),
 ('2', 'field', '14', 'en_us', ' cover boo george hi res 1 1 3 1 contain nick haymes lets panic hirez014 3 0 cover havana3 1 contain havana4 0 '),
 ('2', 'field', '3', 'en_us', ' fashion and creative consultant '),
 ('9', 'field', '15', 'en_us', ' boo george hi res 1 1 3 '),
 ('9', 'field', '16', 'en_us', ' cover '),
 ('9', 'field', '17', 'en_us', ' 1 '),
 ('9', 'slug', '0', 'en_us', ''),
 ('10', 'filename', '0', 'en_us', ' screen shot 2018 01 26 at 11 21 06 png '),
 ('10', 'extension', '0', 'en_us', ' png '),
 ('10', 'kind', '0', 'en_us', ' image '),
 ('10', 'slug', '0', 'en_us', ' screen shot 2018 01 26 at 11 21 06 '),
 ('10', 'title', '0', 'en_us', ' screen shot 2018 01 26 at 11 21 06 '),
 ('19', 'extension', '0', 'en_us', ' jpg '),
 ('19', 'kind', '0', 'en_us', ' image '),
 ('18', 'filename', '0', 'en_us', ' hl_id_vlada_001 jpg '),
 ('18', 'extension', '0', 'en_us', ' jpg '),
 ('18', 'kind', '0', 'en_us', ' image '),
 ('18', 'slug', '0', 'en_us', ' hl id vlada 001 '),
 ('18', 'title', '0', 'en_us', ' hl id vlada 001 '),
 ('13', 'slug', '0', 'en_us', ' fashion '),
 ('13', 'title', '0', 'en_us', ' fashion '),
 ('19', 'filename', '0', 'en_us', ' hl_id_vlada_003 jpg '),
 ('14', 'slug', '0', 'en_us', ' advertising '),
 ('14', 'title', '0', 'en_us', ' advertising '),
 ('19', 'slug', '0', 'en_us', ' hl id vlada 003 '),
 ('4', 'field', '4', 'en_us', ' https www instagram com havanalaffitte '),
 ('5', 'field', '5', 'en_us', ' havana laffitte began her fashion career as a young stylist in the mid nineties collaborating with photographers davide sorrenti terry richardson and mark borthwick for magazine titles such as interview the face i d spin and visionaire simultaneously during this time havana s close ties to the music industry lead to costume designing music videos for hip hop legends ol dirty bastard wu tang clan the fugees as well as indie bands like garbage sebadoh and fiona apple a fixture among the now iconic grunge minimalism ny downtown scene of 90 s fashion photography art and skate culture havana also participated in sonic youth s seminal sugar cane video havana has held posts at a number of publications over the years as contributing fashion editor i d magazine 1996 2014 fashion director nylon magazine 1998 2000 senior fashion editor nova magazine 2000 2002 contributing fashion editor teen vogue magazine 2004 2015 fashion director let s panic magazine 2014 present as well as contributed as freelance editor to numerous global publications american vogue vogue japan vogue italia w korea and more throughout her career havana has collaborated on product design and branded content for fashion brands gucci dkny yohji yamamoto romeo gigli cerrutti 1881 victoria s secret calvin klein michael kors kate and jack spade levi s barneys new york sephora and shinsegae havana s interest in cinema documentary fine art and fashion photography has led to collaborations with bruce weber alasdair mcclellan patrick demarchelier jim goldberg roe ethridge karim sadli colin dodgson theo wenner yelena yemchuk to name but a few contemporary art and youth culture have consistently informed havana s vision and she believes strongly in the role this now plays within the fashion community from casting to product design and marketing initiatives havana believes that paying close attention to emerging cultural trends is essential to the successful development creation and sharing of branded content across all channels of communication as a natural extension of her work as an editor and stylist havana has recently redirected her focus from publishing to marketing her extensive experience in curating branded content for a multitude of editorial platforms and working with creative teams on product initiatives have proven to be a strong asset for successful partnerships in 2016 havana co founded begood studios a new breed of creative and marketing agency a collective of artists filmmakers and photographers that aims to unite contemporary art culture and relevancy to brand identity '),
 ('21', 'kind', '0', 'en_us', ' image '),
 ('21', 'slug', '0', 'en_us', ' hl id vlada 007 '),
 ('21', 'title', '0', 'en_us', ' hl id vlada 007 '),
 ('5', 'field', '9', 'en_us', ' american eagle outfitters armani exchange barneys new york bloomingdales calvin klein cerrutti 1881 cynthia rowley dkny edun gucci hache jack spade kate spade loft la garconne levis michael kors peter som replay romeo gigli sephora target ter et bantine victoria s secret wunderkind client list arena homme plus dazed and confused interview magazine let s panic l official hommes nova magazine numero france nylon magazine spin magazine teen vogue the face v magazine visionaire vogue vogue italia vogue nippon japan w korea i d magazine publications alasdair mclellan angelo penneta annemariekevan drimmlen arthur elgort boo george bruce weber cass bird chad moore colin dodgson daniel jackson davide sorrenti ethan james green gregory harris jim goldberg josh olins katy grannan karim sadli lachlan bailey leigh ledare mark borthwick mark seliger matt jones nick haymes norman jean roy pamela hanson patrick demarchelier richard burbridge richard kern roe etheridge solve sundsbo stephane sednaoui sue de beer terry richardson theo sion theo wenner thomas schenk yelena yemchuk photographers '),
 ('20', 'slug', '0', 'en_us', ' hl id vlada 005 '),
 ('20', 'title', '0', 'en_us', ' hl id vlada 005 '),
 ('21', 'filename', '0', 'en_us', ' hl_id_vlada_007 jpg '),
 ('21', 'extension', '0', 'en_us', ' jpg '),
 ('5', 'field', '7', 'en_us', ' hello havanalafiette com '),
 ('5', 'field', '8', 'en_us', ' 195 chrystie st suite 602a new york ny 10002 '),
 ('5', 'field', '4', 'en_us', ' https www instagram com havanalaffitte '),
 ('15', 'field', '10', 'en_us', ' client list '),
 ('15', 'field', '11', 'en_us', ' american eagle outfitters armani exchange barneys new york bloomingdales calvin klein cerrutti 1881 cynthia rowley dkny edun gucci hache jack spade kate spade loft la garconne levis michael kors peter som replay romeo gigli sephora target ter et bantine victoria s secret wunderkind '),
 ('20', 'filename', '0', 'en_us', ' hl_id_vlada_005 jpg '),
 ('20', 'extension', '0', 'en_us', ' jpg '),
 ('20', 'kind', '0', 'en_us', ' image '),
 ('15', 'slug', '0', 'en_us', ''),
 ('16', 'field', '10', 'en_us', ' publications '),
 ('16', 'field', '11', 'en_us', ' arena homme plus dazed and confused interview magazine let s panic l official hommes nova magazine numero france nylon magazine spin magazine teen vogue the face v magazine visionaire vogue vogue italia vogue nippon japan w korea i d magazine '),
 ('19', 'title', '0', 'en_us', ' hl id vlada 003 '),
 ('16', 'slug', '0', 'en_us', ''),
 ('17', 'field', '10', 'en_us', ' photographers '),
 ('17', 'field', '11', 'en_us', ' alasdair mclellan angelo penneta annemariekevan drimmlen arthur elgort boo george bruce weber cass bird chad moore colin dodgson daniel jackson davide sorrenti ethan james green gregory harris jim goldberg josh olins katy grannan karim sadli lachlan bailey leigh ledare mark borthwick mark seliger matt jones nick haymes norman jean roy pamela hanson patrick demarchelier richard burbridge richard kern roe etheridge solve sundsbo stephane sednaoui sue de beer terry richardson theo sion theo wenner thomas schenk yelena yemchuk '),
 ('17', 'slug', '0', 'en_us', ''),
 ('22', 'filename', '0', 'en_us', ' hl_id_vlada_010 jpg '),
 ('22', 'extension', '0', 'en_us', ' jpg '),
 ('22', 'kind', '0', 'en_us', ' image '),
 ('22', 'slug', '0', 'en_us', ' hl id vlada 010 '),
 ('22', 'title', '0', 'en_us', ' hl id vlada 010 '),
 ('23', 'filename', '0', 'en_us', ' hl_id_vlada_011 jpg '),
 ('23', 'extension', '0', 'en_us', ' jpg '),
 ('23', 'kind', '0', 'en_us', ' image '),
 ('23', 'slug', '0', 'en_us', ' hl id vlada 011 '),
 ('23', 'title', '0', 'en_us', ' hl id vlada 011 '),
 ('24', 'filename', '0', 'en_us', ' hl_id_vlada_013 jpg '),
 ('24', 'extension', '0', 'en_us', ' jpg '),
 ('24', 'kind', '0', 'en_us', ' image '),
 ('24', 'slug', '0', 'en_us', ' hl id vlada 013 '),
 ('24', 'title', '0', 'en_us', ' hl id vlada 013 '),
 ('25', 'filename', '0', 'en_us', ' hl_id_vlada_014 jpg '),
 ('25', 'extension', '0', 'en_us', ' jpg '),
 ('25', 'kind', '0', 'en_us', ' image '),
 ('25', 'slug', '0', 'en_us', ' hl id vlada 014 '),
 ('25', 'title', '0', 'en_us', ' hl id vlada 014 '),
 ('26', 'filename', '0', 'en_us', ' hl_id_vlada_016 jpg '),
 ('26', 'extension', '0', 'en_us', ' jpg '),
 ('26', 'kind', '0', 'en_us', ' image '),
 ('26', 'slug', '0', 'en_us', ' hl id vlada 016 '),
 ('26', 'title', '0', 'en_us', ' hl id vlada 016 '),
 ('27', 'field', '13', 'en_us', ' i d nick haymes september 2005 ');
INSERT INTO `craft_searchindex` (`elementId`, `attribute`, `fieldId`, `locale`, `keywords`) VALUES
 ('27', 'field', '12', 'en_us', ' hl id vlada 001 hl id vlada 003 hl id vlada 005 hl id vlada 007 hl id vlada 010 hl id vlada 011 hl id vlada 013 hl id vlada 014 hl id vlada 016 '),
 ('27', 'field', '20', 'en_us', ''),
 ('27', 'slug', '0', 'en_us', ' i d nick haymes september 2005 '),
 ('27', 'title', '0', 'en_us', ' i d nick haymes september 2005 '),
 ('28', 'filename', '0', 'en_us', ' hl_id_march06_001 jpg '),
 ('28', 'extension', '0', 'en_us', ' jpg '),
 ('28', 'kind', '0', 'en_us', ' image '),
 ('28', 'slug', '0', 'en_us', ' hl id march06 001 '),
 ('28', 'title', '0', 'en_us', ' hl id march06 001 '),
 ('29', 'filename', '0', 'en_us', ' hl_id_march06_002 jpg '),
 ('29', 'extension', '0', 'en_us', ' jpg '),
 ('29', 'kind', '0', 'en_us', ' image '),
 ('29', 'slug', '0', 'en_us', ' hl id march06 002 '),
 ('29', 'title', '0', 'en_us', ' hl id march06 002 '),
 ('30', 'filename', '0', 'en_us', ' hl_id_march06_003 jpg '),
 ('30', 'extension', '0', 'en_us', ' jpg '),
 ('30', 'kind', '0', 'en_us', ' image '),
 ('30', 'slug', '0', 'en_us', ' hl id march06 003 '),
 ('30', 'title', '0', 'en_us', ' hl id march06 003 '),
 ('31', 'filename', '0', 'en_us', ' hl_id_march06_004 jpg '),
 ('31', 'extension', '0', 'en_us', ' jpg '),
 ('31', 'kind', '0', 'en_us', ' image '),
 ('31', 'slug', '0', 'en_us', ' hl id march06 004 '),
 ('31', 'title', '0', 'en_us', ' hl id march06 004 '),
 ('32', 'filename', '0', 'en_us', ' hl_id_march06_005 jpg '),
 ('32', 'extension', '0', 'en_us', ' jpg '),
 ('32', 'kind', '0', 'en_us', ' image '),
 ('32', 'slug', '0', 'en_us', ' hl id march06 005 '),
 ('32', 'title', '0', 'en_us', ' hl id march06 005 '),
 ('33', 'filename', '0', 'en_us', ' hl_id_march06_006 jpg '),
 ('33', 'extension', '0', 'en_us', ' jpg '),
 ('33', 'kind', '0', 'en_us', ' image '),
 ('33', 'slug', '0', 'en_us', ' hl id march06 006 '),
 ('33', 'title', '0', 'en_us', ' hl id march06 006 '),
 ('34', 'filename', '0', 'en_us', ' hl_id_march06_007 jpg '),
 ('34', 'extension', '0', 'en_us', ' jpg '),
 ('34', 'kind', '0', 'en_us', ' image '),
 ('34', 'slug', '0', 'en_us', ' hl id march06 007 '),
 ('34', 'title', '0', 'en_us', ' hl id march06 007 '),
 ('35', 'filename', '0', 'en_us', ' hl_id_march06_008 jpg '),
 ('35', 'extension', '0', 'en_us', ' jpg '),
 ('35', 'kind', '0', 'en_us', ' image '),
 ('35', 'slug', '0', 'en_us', ' hl id march06 008 '),
 ('35', 'title', '0', 'en_us', ' hl id march06 008 '),
 ('36', 'field', '13', 'en_us', ' i d nick haymes march 2006 '),
 ('36', 'field', '12', 'en_us', ' hl id march06 001 hl id march06 002 hl id march06 003 hl id march06 004 hl id march06 005 hl id march06 006 hl id march06 007 hl id march06 008 '),
 ('36', 'field', '20', 'en_us', ''),
 ('36', 'slug', '0', 'en_us', ' i d nick haymes march 2006 '),
 ('36', 'title', '0', 'en_us', ' i d nick haymes march 2006 '),
 ('37', 'filename', '0', 'en_us', ' big magazine 1997 terry richardson 22big cult22 1 jpg '),
 ('37', 'extension', '0', 'en_us', ' jpg '),
 ('37', 'kind', '0', 'en_us', ' image '),
 ('37', 'slug', '0', 'en_us', ' big magazine 1997 terry richardson 22 big cult22 1 '),
 ('37', 'title', '0', 'en_us', ' big magazine 1997 terry richardson 22 big cult22 1 '),
 ('38', 'filename', '0', 'en_us', ' big magazine 1997 terry richardson 22big cult22 2 jpg '),
 ('38', 'extension', '0', 'en_us', ' jpg '),
 ('38', 'kind', '0', 'en_us', ' image '),
 ('38', 'slug', '0', 'en_us', ' big magazine 1997 terry richardson 22 big cult22 2 '),
 ('38', 'title', '0', 'en_us', ' big magazine 1997 terry richardson 22 big cult22 2 '),
 ('39', 'filename', '0', 'en_us', ' big magazine 1997 terry richardson 22big cult22 3 jpg '),
 ('39', 'extension', '0', 'en_us', ' jpg '),
 ('39', 'kind', '0', 'en_us', ' image '),
 ('39', 'slug', '0', 'en_us', ' big magazine 1997 terry richardson 22 big cult22 3 '),
 ('39', 'title', '0', 'en_us', ' big magazine 1997 terry richardson 22 big cult22 3 '),
 ('40', 'field', '13', 'en_us', ' big magazine terry richardson '),
 ('40', 'field', '12', 'en_us', ' big magazine 1997 terry richardson 22 big cult22 1 big magazine 1997 terry richardson 22 big cult22 2 big magazine 1997 terry richardson 22 big cult22 3 '),
 ('40', 'field', '20', 'en_us', ' fashion '),
 ('40', 'slug', '0', 'en_us', ' big magazine terry richardson '),
 ('40', 'title', '0', 'en_us', ' big magazine terry richardson '),
 ('41', 'filename', '0', 'en_us', ' amy230x290 copy jpg '),
 ('41', 'extension', '0', 'en_us', ' jpg '),
 ('41', 'kind', '0', 'en_us', ' image '),
 ('41', 'slug', '0', 'en_us', ' amy230x290 copy '),
 ('41', 'title', '0', 'en_us', ' amy230x290 copy '),
 ('42', 'filename', '0', 'en_us', ' angel 230x290 jpg '),
 ('42', 'extension', '0', 'en_us', ' jpg '),
 ('42', 'kind', '0', 'en_us', ' image '),
 ('42', 'slug', '0', 'en_us', ' angel 230x290 '),
 ('42', 'title', '0', 'en_us', ' angel 230x290 '),
 ('43', 'field', '13', 'en_us', ''),
 ('43', 'field', '12', 'en_us', ' amy230x290 copy angel 230x290 '),
 ('43', 'field', '20', 'en_us', ' fashion '),
 ('43', 'slug', '0', 'en_us', ' davide sorrenti '),
 ('43', 'title', '0', 'en_us', ' davide sorrenti '),
 ('44', 'filename', '0', 'en_us', ' 1010 harpersbazaarkorea fashionmime hle 001 jpg '),
 ('44', 'extension', '0', 'en_us', ' jpg '),
 ('44', 'kind', '0', 'en_us', ' image '),
 ('44', 'slug', '0', 'en_us', ' 1010 harpersbazaar korea fashionmime hle 001 '),
 ('44', 'title', '0', 'en_us', ' 1010 harpersbazaar korea fashionmime hle 001 '),
 ('45', 'filename', '0', 'en_us', ' 1010 harpersbazaarkorea fashionmime hle 002 jpg '),
 ('45', 'extension', '0', 'en_us', ' jpg '),
 ('45', 'kind', '0', 'en_us', ' image '),
 ('45', 'slug', '0', 'en_us', ' 1010 harpersbazaar korea fashionmime hle 002 '),
 ('45', 'title', '0', 'en_us', ' 1010 harpersbazaar korea fashionmime hle 002 '),
 ('46', 'filename', '0', 'en_us', ' 1010 harpersbazaarkorea fashionmime hle 003 jpg '),
 ('46', 'extension', '0', 'en_us', ' jpg '),
 ('46', 'kind', '0', 'en_us', ' image '),
 ('46', 'slug', '0', 'en_us', ' 1010 harpersbazaar korea fashionmime hle 003 '),
 ('46', 'title', '0', 'en_us', ' 1010 harpersbazaar korea fashionmime hle 003 '),
 ('47', 'filename', '0', 'en_us', ' 1010 harpersbazaarkorea fashionmime hle 004 jpg ');
INSERT INTO `craft_searchindex` (`elementId`, `attribute`, `fieldId`, `locale`, `keywords`) VALUES
 ('47', 'extension', '0', 'en_us', ' jpg '),
 ('47', 'kind', '0', 'en_us', ' image '),
 ('47', 'slug', '0', 'en_us', ' 1010 harpersbazaar korea fashionmime hle 004 '),
 ('47', 'title', '0', 'en_us', ' 1010 harpersbazaar korea fashionmime hle 004 '),
 ('48', 'filename', '0', 'en_us', ' 1010 harpersbazaarkorea fashionmime hle 005 jpg '),
 ('48', 'extension', '0', 'en_us', ' jpg '),
 ('48', 'kind', '0', 'en_us', ' image '),
 ('48', 'slug', '0', 'en_us', ' 1010 harpersbazaar korea fashionmime hle 005 '),
 ('48', 'title', '0', 'en_us', ' 1010 harpersbazaar korea fashionmime hle 005 '),
 ('49', 'filename', '0', 'en_us', ' 1010 harpersbazaarkorea fashionmime hle 006 jpg '),
 ('49', 'extension', '0', 'en_us', ' jpg '),
 ('49', 'kind', '0', 'en_us', ' image '),
 ('49', 'slug', '0', 'en_us', ' 1010 harpersbazaar korea fashionmime hle 006 '),
 ('49', 'title', '0', 'en_us', ' 1010 harpersbazaar korea fashionmime hle 006 '),
 ('50', 'filename', '0', 'en_us', ' 1010 harpersbazaarkorea fashionmime hle 007 jpg '),
 ('50', 'extension', '0', 'en_us', ' jpg '),
 ('50', 'kind', '0', 'en_us', ' image '),
 ('50', 'slug', '0', 'en_us', ' 1010 harpersbazaar korea fashionmime hle 007 '),
 ('50', 'title', '0', 'en_us', ' 1010 harpersbazaar korea fashionmime hle 007 '),
 ('51', 'filename', '0', 'en_us', ' 1010 harpersbazaarkorea fashionmime hle 008 jpg '),
 ('51', 'extension', '0', 'en_us', ' jpg '),
 ('51', 'kind', '0', 'en_us', ' image '),
 ('51', 'slug', '0', 'en_us', ' 1010 harpersbazaar korea fashionmime hle 008 '),
 ('51', 'title', '0', 'en_us', ' 1010 harpersbazaar korea fashionmime hle 008 '),
 ('52', 'filename', '0', 'en_us', ' 1010 harpersbazaarkorea fashionmime hle 009 jpg '),
 ('52', 'extension', '0', 'en_us', ' jpg '),
 ('52', 'kind', '0', 'en_us', ' image '),
 ('52', 'slug', '0', 'en_us', ' 1010 harpersbazaar korea fashionmime hle 009 '),
 ('52', 'title', '0', 'en_us', ' 1010 harpersbazaar korea fashionmime hle 009 '),
 ('53', 'field', '13', 'en_us', ' harpers bazaar korea yelena yemchuk '),
 ('53', 'field', '12', 'en_us', ' 1010 harpersbazaar korea fashionmime hle 001 1010 harpersbazaar korea fashionmime hle 002 1010 harpersbazaar korea fashionmime hle 003 1010 harpersbazaar korea fashionmime hle 004 1010 harpersbazaar korea fashionmime hle 005 1010 harpersbazaar korea fashionmime hle 006 1010 harpersbazaar korea fashionmime hle 007 1010 harpersbazaar korea fashionmime hle 008 1010 harpersbazaar korea fashionmime hle 009 '),
 ('53', 'field', '20', 'en_us', ' fashion '),
 ('53', 'slug', '0', 'en_us', ' harpers bazaar korea yelena yemchuk '),
 ('53', 'title', '0', 'en_us', ' harpers bazaar korea yelena yemchuk '),
 ('54', 'filename', '0', 'en_us', ' hl mens streeters pdf 24_3 jpg '),
 ('54', 'extension', '0', 'en_us', ' jpg '),
 ('54', 'kind', '0', 'en_us', ' image '),
 ('54', 'slug', '0', 'en_us', ' hl mens streeters pdf 24 3 '),
 ('54', 'title', '0', 'en_us', ' hl mens streeters pdf 24 3 '),
 ('55', 'filename', '0', 'en_us', ' hl mens streeters pdf 25_3 jpg '),
 ('55', 'extension', '0', 'en_us', ' jpg '),
 ('55', 'kind', '0', 'en_us', ' image '),
 ('55', 'slug', '0', 'en_us', ' hl mens streeters pdf 25 3 '),
 ('55', 'title', '0', 'en_us', ' hl mens streeters pdf 25 3 '),
 ('56', 'filename', '0', 'en_us', ' hl mens streeters pdf 26_3 jpg '),
 ('56', 'extension', '0', 'en_us', ' jpg '),
 ('56', 'kind', '0', 'en_us', ' image '),
 ('56', 'slug', '0', 'en_us', ' hl mens streeters pdf 26 3 '),
 ('56', 'title', '0', 'en_us', ' hl mens streeters pdf 26 3 '),
 ('57', 'filename', '0', 'en_us', ' hl mens streeters pdf 27_3 jpg '),
 ('57', 'extension', '0', 'en_us', ' jpg '),
 ('57', 'kind', '0', 'en_us', ' image '),
 ('57', 'slug', '0', 'en_us', ' hl mens streeters pdf 27 3 '),
 ('57', 'title', '0', 'en_us', ' hl mens streeters pdf 27 3 '),
 ('58', 'filename', '0', 'en_us', ' hl mens streeters pdf 28_3 jpg '),
 ('58', 'extension', '0', 'en_us', ' jpg '),
 ('58', 'kind', '0', 'en_us', ' image '),
 ('58', 'slug', '0', 'en_us', ' hl mens streeters pdf 28 3 '),
 ('58', 'title', '0', 'en_us', ' hl mens streeters pdf 28 3 '),
 ('59', 'filename', '0', 'en_us', ' hl mens streeters pdf 29_3 jpg '),
 ('59', 'extension', '0', 'en_us', ' jpg '),
 ('59', 'kind', '0', 'en_us', ' image '),
 ('59', 'slug', '0', 'en_us', ' hl mens streeters pdf 29 3 '),
 ('59', 'title', '0', 'en_us', ' hl mens streeters pdf 29 3 '),
 ('60', 'field', '13', 'en_us', ' barneys leigh ledare '),
 ('60', 'field', '12', 'en_us', ' hl mens streeters pdf 24 3 hl mens streeters pdf 25 3 hl mens streeters pdf 26 3 hl mens streeters pdf 27 3 hl mens streeters pdf 28 3 hl mens streeters pdf 29 3 '),
 ('60', 'field', '20', 'en_us', ' advertising '),
 ('60', 'slug', '0', 'en_us', ' barneys leigh ledare '),
 ('60', 'title', '0', 'en_us', ' barneys leigh ledare '),
 ('61', 'filename', '0', 'en_us', ' 5x7_pr_perf_9_3 jpg '),
 ('61', 'extension', '0', 'en_us', ' jpg '),
 ('61', 'kind', '0', 'en_us', ' image '),
 ('61', 'slug', '0', 'en_us', ' 5x7 pr perf 9 3 '),
 ('61', 'title', '0', 'en_us', ' 5x7 pr perf 9 3 '),
 ('62', 'filename', '0', 'en_us', ' 5x7_pr_perf_29_3 jpg '),
 ('62', 'extension', '0', 'en_us', ' jpg '),
 ('62', 'kind', '0', 'en_us', ' image '),
 ('62', 'slug', '0', 'en_us', ' 5x7 pr perf 29 3 '),
 ('62', 'title', '0', 'en_us', ' 5x7 pr perf 29 3 '),
 ('63', 'filename', '0', 'en_us', ' 5x7_pr_perf_31_3 jpg '),
 ('63', 'extension', '0', 'en_us', ' jpg '),
 ('63', 'kind', '0', 'en_us', ' image '),
 ('63', 'slug', '0', 'en_us', ' 5x7 pr perf 31 3 '),
 ('63', 'title', '0', 'en_us', ' 5x7 pr perf 31 3 '),
 ('64', 'filename', '0', 'en_us', ' 5x7_pr_perf_33_3 jpg '),
 ('64', 'extension', '0', 'en_us', ' jpg '),
 ('64', 'kind', '0', 'en_us', ' image '),
 ('64', 'slug', '0', 'en_us', ' 5x7 pr perf 33 3 '),
 ('64', 'title', '0', 'en_us', ' 5x7 pr perf 33 3 '),
 ('65', 'filename', '0', 'en_us', ' ck2_3 jpg '),
 ('65', 'extension', '0', 'en_us', ' jpg '),
 ('65', 'kind', '0', 'en_us', ' image '),
 ('65', 'slug', '0', 'en_us', ' ck2 3 '),
 ('65', 'title', '0', 'en_us', ' ck2 3 '),
 ('66', 'filename', '0', 'en_us', ' ck3_3 jpg '),
 ('66', 'extension', '0', 'en_us', ' jpg '),
 ('66', 'kind', '0', 'en_us', ' image '),
 ('66', 'slug', '0', 'en_us', ' ck3 3 '),
 ('66', 'title', '0', 'en_us', ' ck3 3 '),
 ('67', 'filename', '0', 'en_us', ' ck4_3 jpg ');
INSERT INTO `craft_searchindex` (`elementId`, `attribute`, `fieldId`, `locale`, `keywords`) VALUES
 ('67', 'extension', '0', 'en_us', ' jpg '),
 ('67', 'kind', '0', 'en_us', ' image '),
 ('67', 'slug', '0', 'en_us', ' ck4 3 '),
 ('67', 'title', '0', 'en_us', ' ck4 3 '),
 ('68', 'filename', '0', 'en_us', ' ck5_3 jpg '),
 ('68', 'extension', '0', 'en_us', ' jpg '),
 ('68', 'kind', '0', 'en_us', ' image '),
 ('68', 'slug', '0', 'en_us', ' ck5 3 '),
 ('68', 'title', '0', 'en_us', ' ck5 3 '),
 ('69', 'field', '13', 'en_us', ' calvin klein performance ss16 boo george '),
 ('69', 'field', '12', 'en_us', ' 5x7 pr perf 29 3 5x7 pr perf 31 3 5x7 pr perf 33 3 5x7 pr perf 9 3 ck2 3 ck3 3 ck4 3 ck5 3 '),
 ('69', 'field', '20', 'en_us', ' advertising '),
 ('69', 'slug', '0', 'en_us', ' calvin klein performance ss16 boo george '),
 ('69', 'title', '0', 'en_us', ' calvin klein performance ss16 boo george '),
 ('70', 'filename', '0', 'en_us', ' 13spring jackspade ad hle 001 jpg '),
 ('70', 'extension', '0', 'en_us', ' jpg '),
 ('70', 'kind', '0', 'en_us', ' image '),
 ('70', 'slug', '0', 'en_us', ' 13 spring jack spade ad hle 001 '),
 ('70', 'title', '0', 'en_us', ' 13 spring jack spade ad hle 001 '),
 ('71', 'filename', '0', 'en_us', ' 13spring jackspade ad hle 002 jpg '),
 ('71', 'extension', '0', 'en_us', ' jpg '),
 ('71', 'kind', '0', 'en_us', ' image '),
 ('71', 'slug', '0', 'en_us', ' 13 spring jack spade ad hle 002 '),
 ('71', 'title', '0', 'en_us', ' 13 spring jack spade ad hle 002 '),
 ('72', 'filename', '0', 'en_us', ' 13spring jackspade ad hle 003 jpg '),
 ('72', 'extension', '0', 'en_us', ' jpg '),
 ('72', 'kind', '0', 'en_us', ' image '),
 ('72', 'slug', '0', 'en_us', ' 13 spring jack spade ad hle 003 '),
 ('72', 'title', '0', 'en_us', ' 13 spring jack spade ad hle 003 '),
 ('73', 'filename', '0', 'en_us', ' 13spring jackspade ad hle 004 jpg '),
 ('73', 'extension', '0', 'en_us', ' jpg '),
 ('73', 'kind', '0', 'en_us', ' image '),
 ('73', 'slug', '0', 'en_us', ' 13 spring jack spade ad hle 004 '),
 ('73', 'title', '0', 'en_us', ' 13 spring jack spade ad hle 004 '),
 ('74', 'filename', '0', 'en_us', ' 13spring jackspade ad hle 005 jpg '),
 ('74', 'extension', '0', 'en_us', ' jpg '),
 ('74', 'kind', '0', 'en_us', ' image '),
 ('74', 'slug', '0', 'en_us', ' 13 spring jack spade ad hle 005 '),
 ('74', 'title', '0', 'en_us', ' 13 spring jack spade ad hle 005 '),
 ('75', 'filename', '0', 'en_us', ' 13spring jackspade ad hle 006 jpg '),
 ('75', 'extension', '0', 'en_us', ' jpg '),
 ('75', 'kind', '0', 'en_us', ' image '),
 ('75', 'slug', '0', 'en_us', ' 13 spring jack spade ad hle 006 '),
 ('75', 'title', '0', 'en_us', ' 13 spring jack spade ad hle 006 '),
 ('76', 'filename', '0', 'en_us', ' 13spring jackspade ad hle 007 jpg '),
 ('76', 'extension', '0', 'en_us', ' jpg '),
 ('76', 'kind', '0', 'en_us', ' image '),
 ('76', 'slug', '0', 'en_us', ' 13 spring jack spade ad hle 007 '),
 ('76', 'title', '0', 'en_us', ' 13 spring jack spade ad hle 007 '),
 ('77', 'filename', '0', 'en_us', ' 13spring jackspade ad hle 008 jpg '),
 ('77', 'extension', '0', 'en_us', ' jpg '),
 ('77', 'kind', '0', 'en_us', ' image '),
 ('77', 'slug', '0', 'en_us', ' 13 spring jack spade ad hle 008 '),
 ('77', 'title', '0', 'en_us', ' 13 spring jack spade ad hle 008 '),
 ('78', 'filename', '0', 'en_us', ' 13spring jackspade ad hle 009 jpg '),
 ('78', 'extension', '0', 'en_us', ' jpg '),
 ('78', 'kind', '0', 'en_us', ' image '),
 ('78', 'slug', '0', 'en_us', ' 13 spring jack spade ad hle 009 '),
 ('78', 'title', '0', 'en_us', ' 13 spring jack spade ad hle 009 '),
 ('79', 'filename', '0', 'en_us', ' 13spring jackspade ad hle 010 jpg '),
 ('79', 'extension', '0', 'en_us', ' jpg '),
 ('79', 'kind', '0', 'en_us', ' image '),
 ('79', 'slug', '0', 'en_us', ' 13 spring jack spade ad hle 010 '),
 ('79', 'title', '0', 'en_us', ' 13 spring jack spade ad hle 010 '),
 ('80', 'filename', '0', 'en_us', ' 13spring jackspade ad hle 011 jpg '),
 ('80', 'extension', '0', 'en_us', ' jpg '),
 ('80', 'kind', '0', 'en_us', ' image '),
 ('80', 'slug', '0', 'en_us', ' 13 spring jack spade ad hle 011 '),
 ('80', 'title', '0', 'en_us', ' 13 spring jack spade ad hle 011 '),
 ('81', 'filename', '0', 'en_us', ' 13spring jackspade ad hle 012 jpg '),
 ('81', 'extension', '0', 'en_us', ' jpg '),
 ('81', 'kind', '0', 'en_us', ' image '),
 ('81', 'slug', '0', 'en_us', ' 13 spring jack spade ad hle 012 '),
 ('81', 'title', '0', 'en_us', ' 13 spring jack spade ad hle 012 '),
 ('82', 'filename', '0', 'en_us', ' 13spring jackspade ad hle 013 jpg '),
 ('82', 'extension', '0', 'en_us', ' jpg '),
 ('82', 'kind', '0', 'en_us', ' image '),
 ('82', 'slug', '0', 'en_us', ' 13 spring jack spade ad hle 013 '),
 ('82', 'title', '0', 'en_us', ' 13 spring jack spade ad hle 013 '),
 ('83', 'filename', '0', 'en_us', ' 13spring jackspade ad hle 014 jpg '),
 ('83', 'extension', '0', 'en_us', ' jpg '),
 ('83', 'kind', '0', 'en_us', ' image '),
 ('83', 'slug', '0', 'en_us', ' 13 spring jack spade ad hle 014 '),
 ('83', 'title', '0', 'en_us', ' 13 spring jack spade ad hle 014 '),
 ('84', 'filename', '0', 'en_us', ' 13spring jackspade ad hle 015 jpg '),
 ('84', 'extension', '0', 'en_us', ' jpg '),
 ('84', 'kind', '0', 'en_us', ' image '),
 ('84', 'slug', '0', 'en_us', ' 13 spring jack spade ad hle 015 '),
 ('84', 'title', '0', 'en_us', ' 13 spring jack spade ad hle 015 '),
 ('85', 'field', '13', 'en_us', ''),
 ('85', 'field', '12', 'en_us', ' 13 spring jack spade ad hle 001 13 spring jack spade ad hle 002 13 spring jack spade ad hle 003 13 spring jack spade ad hle 004 13 spring jack spade ad hle 005 13 spring jack spade ad hle 006 13 spring jack spade ad hle 007 13 spring jack spade ad hle 008 13 spring jack spade ad hle 009 13 spring jack spade ad hle 010 13 spring jack spade ad hle 011 13 spring jack spade ad hle 012 13 spring jack spade ad hle 013 13 spring jack spade ad hle 014 13 spring jack spade ad hle 015 '),
 ('85', 'field', '20', 'en_us', ''),
 ('85', 'slug', '0', 'en_us', ' jack spade '),
 ('85', 'title', '0', 'en_us', ' jack spade '),
 ('86', 'filename', '0', 'en_us', ' boogeorge hires 1_1_3 jpg '),
 ('86', 'extension', '0', 'en_us', ' jpg '),
 ('86', 'kind', '0', 'en_us', ' image '),
 ('86', 'slug', '0', 'en_us', ' boo george hi res 1 1 3 '),
 ('86', 'title', '0', 'en_us', ' boo george hi res 1 1 3 '),
 ('87', 'filename', '0', 'en_us', ' nick_haymes_lets panic hirez014_3 jpg ');
INSERT INTO `craft_searchindex` (`elementId`, `attribute`, `fieldId`, `locale`, `keywords`) VALUES
 ('87', 'extension', '0', 'en_us', ' jpg '),
 ('87', 'kind', '0', 'en_us', ' image '),
 ('87', 'slug', '0', 'en_us', ' nick haymes lets panic hirez014 3 '),
 ('87', 'title', '0', 'en_us', ' nick haymes lets panic hirez014 3 '),
 ('88', 'filename', '0', 'en_us', ' havana3 jpg '),
 ('88', 'extension', '0', 'en_us', ' jpg '),
 ('88', 'kind', '0', 'en_us', ' image '),
 ('88', 'slug', '0', 'en_us', ' havana3 '),
 ('88', 'title', '0', 'en_us', ' havana3 '),
 ('89', 'filename', '0', 'en_us', ' havana4 jpg '),
 ('89', 'extension', '0', 'en_us', ' jpg '),
 ('89', 'kind', '0', 'en_us', ' image '),
 ('89', 'slug', '0', 'en_us', ' havana4 '),
 ('89', 'title', '0', 'en_us', ' havana4 '),
 ('90', 'field', '15', 'en_us', ' nick haymes lets panic hirez014 3 '),
 ('90', 'field', '16', 'en_us', ' contain '),
 ('90', 'field', '17', 'en_us', ' 0 '),
 ('90', 'slug', '0', 'en_us', ''),
 ('91', 'field', '15', 'en_us', ' havana3 '),
 ('91', 'field', '16', 'en_us', ' cover '),
 ('91', 'field', '17', 'en_us', ' 1 '),
 ('91', 'slug', '0', 'en_us', ''),
 ('92', 'field', '15', 'en_us', ' havana4 '),
 ('92', 'field', '16', 'en_us', ' contain '),
 ('92', 'field', '17', 'en_us', ' 0 '),
 ('92', 'slug', '0', 'en_us', ''),
 ('93', 'slug', '0', 'en_us', ' creative direction '),
 ('93', 'title', '0', 'en_us', ' creative direction '),
 ('94', 'filename', '0', 'en_us', ' 1506 interviewgermany amberheard hle 001 jpg '),
 ('94', 'extension', '0', 'en_us', ' jpg '),
 ('94', 'kind', '0', 'en_us', ' image '),
 ('94', 'slug', '0', 'en_us', ' 1506 interview germany amber heard hle 001 '),
 ('94', 'title', '0', 'en_us', ' 1506 interview germany amber heard hle 001 '),
 ('95', 'filename', '0', 'en_us', ' 1506 interviewgermany amberheard hle 002 jpg '),
 ('95', 'extension', '0', 'en_us', ' jpg '),
 ('95', 'kind', '0', 'en_us', ' image '),
 ('95', 'slug', '0', 'en_us', ' 1506 interview germany amber heard hle 002 '),
 ('95', 'title', '0', 'en_us', ' 1506 interview germany amber heard hle 002 '),
 ('96', 'filename', '0', 'en_us', ' 1506 interviewgermany amberheard hle 003 jpg '),
 ('96', 'extension', '0', 'en_us', ' jpg '),
 ('96', 'kind', '0', 'en_us', ' image '),
 ('96', 'slug', '0', 'en_us', ' 1506 interview germany amber heard hle 003 '),
 ('96', 'title', '0', 'en_us', ' 1506 interview germany amber heard hle 003 '),
 ('97', 'filename', '0', 'en_us', ' 1506 interviewgermany amberheard hle 004 jpg '),
 ('97', 'extension', '0', 'en_us', ' jpg '),
 ('97', 'kind', '0', 'en_us', ' image '),
 ('97', 'slug', '0', 'en_us', ' 1506 interview germany amber heard hle 004 '),
 ('97', 'title', '0', 'en_us', ' 1506 interview germany amber heard hle 004 '),
 ('98', 'filename', '0', 'en_us', ' 1506 interviewgermany amberheard hle 005 jpg '),
 ('98', 'extension', '0', 'en_us', ' jpg '),
 ('98', 'kind', '0', 'en_us', ' image '),
 ('98', 'slug', '0', 'en_us', ' 1506 interview germany amber heard hle 005 '),
 ('98', 'title', '0', 'en_us', ' 1506 interview germany amber heard hle 005 '),
 ('99', 'filename', '0', 'en_us', ' 1506 interviewgermany amberheard hle 006 jpg '),
 ('99', 'extension', '0', 'en_us', ' jpg '),
 ('99', 'kind', '0', 'en_us', ' image '),
 ('99', 'slug', '0', 'en_us', ' 1506 interview germany amber heard hle 006 '),
 ('99', 'title', '0', 'en_us', ' 1506 interview germany amber heard hle 006 '),
 ('100', 'filename', '0', 'en_us', ' 1506 interviewgermany amberheard hle 007 jpg '),
 ('100', 'extension', '0', 'en_us', ' jpg '),
 ('100', 'kind', '0', 'en_us', ' image '),
 ('100', 'slug', '0', 'en_us', ' 1506 interview germany amber heard hle 007 '),
 ('100', 'title', '0', 'en_us', ' 1506 interview germany amber heard hle 007 '),
 ('101', 'filename', '0', 'en_us', ' 1506 interviewgermany amberheard hle 008 jpg '),
 ('101', 'extension', '0', 'en_us', ' jpg '),
 ('101', 'kind', '0', 'en_us', ' image '),
 ('101', 'slug', '0', 'en_us', ' 1506 interview germany amber heard hle 008 '),
 ('101', 'title', '0', 'en_us', ' 1506 interview germany amber heard hle 008 '),
 ('102', 'filename', '0', 'en_us', ' 1506 interviewgermany amberheard hle 009 jpg '),
 ('102', 'extension', '0', 'en_us', ' jpg '),
 ('102', 'kind', '0', 'en_us', ' image '),
 ('102', 'slug', '0', 'en_us', ' 1506 interview germany amber heard hle 009 '),
 ('102', 'title', '0', 'en_us', ' 1506 interview germany amber heard hle 009 '),
 ('103', 'field', '13', 'en_us', ' interview magazine terry richardson '),
 ('103', 'field', '12', 'en_us', ' 1506 interview germany amber heard hle 001 1506 interview germany amber heard hle 002 1506 interview germany amber heard hle 003 1506 interview germany amber heard hle 004 1506 interview germany amber heard hle 005 1506 interview germany amber heard hle 006 1506 interview germany amber heard hle 007 1506 interview germany amber heard hle 008 1506 interview germany amber heard hle 009 '),
 ('103', 'field', '20', 'en_us', ' fashion '),
 ('103', 'slug', '0', 'en_us', ' interview magazine terry richardson '),
 ('103', 'title', '0', 'en_us', ' interview magazine terry richardson '),
 ('104', 'filename', '0', 'en_us', ' 16fw lofficielhommesitalia coverthesmellofus rfo_hle_amonsy_ton 01 jpg '),
 ('104', 'extension', '0', 'en_us', ' jpg '),
 ('104', 'kind', '0', 'en_us', ' image '),
 ('104', 'slug', '0', 'en_us', ' 16 fw lofficiel hommes italia cover the smell of us rfo hle amonsy ton 01 '),
 ('104', 'title', '0', 'en_us', ' 16 fw lofficiel hommes italia cover the smell of us rfo hle amonsy ton 01 '),
 ('105', 'filename', '0', 'en_us', ' 16fw lofficielhommesitalia coverthesmellofus rfo_hle_amonsy_ton 02 jpg '),
 ('105', 'extension', '0', 'en_us', ' jpg '),
 ('105', 'kind', '0', 'en_us', ' image '),
 ('105', 'slug', '0', 'en_us', ' 16 fw lofficiel hommes italia cover the smell of us rfo hle amonsy ton 02 '),
 ('105', 'title', '0', 'en_us', ' 16 fw lofficiel hommes italia cover the smell of us rfo hle amonsy ton 02 '),
 ('106', 'filename', '0', 'en_us', ' 16fw lofficielhommesitalia coverthesmellofus rfo_hle_amonsy_ton 04 jpg '),
 ('106', 'extension', '0', 'en_us', ' jpg '),
 ('106', 'kind', '0', 'en_us', ' image '),
 ('106', 'slug', '0', 'en_us', ' 16 fw lofficiel hommes italia cover the smell of us rfo hle amonsy ton 04 '),
 ('106', 'title', '0', 'en_us', ' 16 fw lofficiel hommes italia cover the smell of us rfo hle amonsy ton 04 '),
 ('107', 'filename', '0', 'en_us', ' 16fw lofficielhommesitalia coverthesmellofus rfo_hle_amonsy_ton 06 jpg '),
 ('107', 'extension', '0', 'en_us', ' jpg '),
 ('107', 'kind', '0', 'en_us', ' image '),
 ('107', 'slug', '0', 'en_us', ' 16 fw lofficiel hommes italia cover the smell of us rfo hle amonsy ton 06 '),
 ('107', 'title', '0', 'en_us', ' 16 fw lofficiel hommes italia cover the smell of us rfo hle amonsy ton 06 '),
 ('108', 'filename', '0', 'en_us', ' 16fw lofficielhommesitalia coverthesmellofus rfo_hle_amonsy_ton 07 jpg '),
 ('108', 'extension', '0', 'en_us', ' jpg ');
INSERT INTO `craft_searchindex` (`elementId`, `attribute`, `fieldId`, `locale`, `keywords`) VALUES
 ('108', 'kind', '0', 'en_us', ' image '),
 ('108', 'slug', '0', 'en_us', ' 16 fw lofficiel hommes italia cover the smell of us rfo hle amonsy ton 07 '),
 ('108', 'title', '0', 'en_us', ' 16 fw lofficiel hommes italia cover the smell of us rfo hle amonsy ton 07 '),
 ('109', 'filename', '0', 'en_us', ' 16fw lofficielhommesitalia coverthesmellofus rfo_hle_amonsy_ton 09 jpg '),
 ('109', 'extension', '0', 'en_us', ' jpg '),
 ('109', 'kind', '0', 'en_us', ' image '),
 ('109', 'slug', '0', 'en_us', ' 16 fw lofficiel hommes italia cover the smell of us rfo hle amonsy ton 09 '),
 ('109', 'title', '0', 'en_us', ' 16 fw lofficiel hommes italia cover the smell of us rfo hle amonsy ton 09 '),
 ('110', 'filename', '0', 'en_us', ' 16fw lofficielhommesitalia coverthesmellofus rfo_hle_amonsy_ton 10 jpg '),
 ('110', 'extension', '0', 'en_us', ' jpg '),
 ('110', 'kind', '0', 'en_us', ' image '),
 ('110', 'slug', '0', 'en_us', ' 16 fw lofficiel hommes italia cover the smell of us rfo hle amonsy ton 10 '),
 ('110', 'title', '0', 'en_us', ' 16 fw lofficiel hommes italia cover the smell of us rfo hle amonsy ton 10 '),
 ('111', 'filename', '0', 'en_us', ' 16fw lofficielhommesitalia coverthesmellofus rfo_hle_amonsy_ton 12 jpg '),
 ('111', 'extension', '0', 'en_us', ' jpg '),
 ('111', 'kind', '0', 'en_us', ' image '),
 ('111', 'slug', '0', 'en_us', ' 16 fw lofficiel hommes italia cover the smell of us rfo hle amonsy ton 12 '),
 ('111', 'title', '0', 'en_us', ' 16 fw lofficiel hommes italia cover the smell of us rfo hle amonsy ton 12 '),
 ('112', 'filename', '0', 'en_us', ' 16fw lofficielhommesitalia coverthesmellofus rfo_hle_amonsy_ton 13 jpg '),
 ('112', 'extension', '0', 'en_us', ' jpg '),
 ('112', 'kind', '0', 'en_us', ' image '),
 ('112', 'slug', '0', 'en_us', ' 16 fw lofficiel hommes italia cover the smell of us rfo hle amonsy ton 13 '),
 ('112', 'title', '0', 'en_us', ' 16 fw lofficiel hommes italia cover the smell of us rfo hle amonsy ton 13 '),
 ('113', 'filename', '0', 'en_us', ' 16fw lofficielhommesitalia coverthesmellofus rfo_hle_amonsy_ton 15 jpg '),
 ('113', 'extension', '0', 'en_us', ' jpg '),
 ('113', 'kind', '0', 'en_us', ' image '),
 ('113', 'slug', '0', 'en_us', ' 16 fw lofficiel hommes italia cover the smell of us rfo hle amonsy ton 15 '),
 ('113', 'title', '0', 'en_us', ' 16 fw lofficiel hommes italia cover the smell of us rfo hle amonsy ton 15 '),
 ('114', 'filename', '0', 'en_us', ' 16fw lofficielhommesitalia coverthesmellofus rfo_hle_amonsy_ton 16 jpg '),
 ('114', 'extension', '0', 'en_us', ' jpg '),
 ('114', 'kind', '0', 'en_us', ' image '),
 ('114', 'slug', '0', 'en_us', ' 16 fw lofficiel hommes italia cover the smell of us rfo hle amonsy ton 16 '),
 ('114', 'title', '0', 'en_us', ' 16 fw lofficiel hommes italia cover the smell of us rfo hle amonsy ton 16 '),
 ('115', 'filename', '0', 'en_us', ' 16fw lofficielhommesitalia coverthesmellofus rfo_hle_amonsy_ton 18 jpg '),
 ('115', 'extension', '0', 'en_us', ' jpg '),
 ('115', 'kind', '0', 'en_us', ' image '),
 ('115', 'slug', '0', 'en_us', ' 16 fw lofficiel hommes italia cover the smell of us rfo hle amonsy ton 18 '),
 ('115', 'title', '0', 'en_us', ' 16 fw lofficiel hommes italia cover the smell of us rfo hle amonsy ton 18 '),
 ('116', 'filename', '0', 'en_us', ' 16fw lofficielhommesitalia coverthesmellofus rfo_hle_amonsy_ton 19 jpg '),
 ('116', 'extension', '0', 'en_us', ' jpg '),
 ('116', 'kind', '0', 'en_us', ' image '),
 ('116', 'slug', '0', 'en_us', ' 16 fw lofficiel hommes italia cover the smell of us rfo hle amonsy ton 19 '),
 ('116', 'title', '0', 'en_us', ' 16 fw lofficiel hommes italia cover the smell of us rfo hle amonsy ton 19 '),
 ('117', 'filename', '0', 'en_us', ' 16fw lofficielhommesitalia coverthesmellofus rfo_hle_amonsy_ton 21 jpg '),
 ('117', 'extension', '0', 'en_us', ' jpg '),
 ('117', 'kind', '0', 'en_us', ' image '),
 ('117', 'slug', '0', 'en_us', ' 16 fw lofficiel hommes italia cover the smell of us rfo hle amonsy ton 21 '),
 ('117', 'title', '0', 'en_us', ' 16 fw lofficiel hommes italia cover the smell of us rfo hle amonsy ton 21 ');



DROP TABLE IF EXISTS `craft_sections`;


--
-- Schema for table `craft_sections`
--
CREATE TABLE `craft_sections` (
  `id` int(11) NOT NULL AUTO_INCREMENT,
  `structureId` int(11) DEFAULT NULL,
  `name` varchar(255) COLLATE utf8_unicode_ci NOT NULL,
  `handle` varchar(255) COLLATE utf8_unicode_ci NOT NULL,
  `type` enum('single','channel','structure') COLLATE utf8_unicode_ci NOT NULL DEFAULT 'channel',
  `hasUrls` tinyint(1) unsigned NOT NULL DEFAULT '1',
  `template` varchar(500) COLLATE utf8_unicode_ci DEFAULT NULL,
  `enableVersioning` tinyint(1) unsigned NOT NULL DEFAULT '0',
  `dateCreated` datetime NOT NULL,
  `dateUpdated` datetime NOT NULL,
  `uid` char(36) COLLATE utf8_unicode_ci NOT NULL DEFAULT '0',
  PRIMARY KEY (`id`),
  UNIQUE KEY `craft_sections_name_unq_idx` (`name`),
  UNIQUE KEY `craft_sections_handle_unq_idx` (`handle`),
  KEY `craft_sections_structureId_fk` (`structureId`)
) ENGINE=InnoDB AUTO_INCREMENT=5 DEFAULT CHARSET=utf8 COLLATE=utf8_unicode_ci;

--
-- Data for table `craft_sections`
--

INSERT INTO `craft_sections` (`id`, `structureId`, `name`, `handle`, `type`, `hasUrls`, `template`, `enableVersioning`, `dateCreated`, `dateUpdated`, `uid`) VALUES
 ('1', NULL, 'Homepage', 'homepage', 'single', '1', 'index', '1', '2018-01-26 11:02:43', '2018-01-26 11:02:43', 'bbad1535-0b3f-4758-8487-52a9a036290a'),
 ('3', '1', 'Projects', 'projects', 'structure', '0', NULL, '0', '2018-01-26 11:11:34', '2018-01-26 11:11:57', '52761122-feaf-4dea-ba14-5465a0e7e071'),
 ('4', NULL, 'Information', 'information', 'single', '1', 'information', '0', '2018-01-26 11:19:56', '2018-01-26 11:19:56', '6e54e191-6e13-4bb6-8196-b1db6b0fd8b1');



DROP TABLE IF EXISTS `craft_sections_i18n`;


--
-- Schema for table `craft_sections_i18n`
--
CREATE TABLE `craft_sections_i18n` (
  `id` int(11) NOT NULL AUTO_INCREMENT,
  `sectionId` int(11) NOT NULL,
  `locale` char(12) COLLATE utf8_unicode_ci NOT NULL,
  `enabledByDefault` tinyint(1) unsigned NOT NULL DEFAULT '1',
  `urlFormat` text COLLATE utf8_unicode_ci,
  `nestedUrlFormat` text COLLATE utf8_unicode_ci,
  `dateCreated` datetime NOT NULL,
  `dateUpdated` datetime NOT NULL,
  `uid` char(36) COLLATE utf8_unicode_ci NOT NULL DEFAULT '0',
  PRIMARY KEY (`id`),
  UNIQUE KEY `craft_sections_i18n_sectionId_locale_unq_idx` (`sectionId`,`locale`),
  KEY `craft_sections_i18n_locale_fk` (`locale`)
) ENGINE=InnoDB AUTO_INCREMENT=5 DEFAULT CHARSET=utf8 COLLATE=utf8_unicode_ci;

--
-- Data for table `craft_sections_i18n`
--

INSERT INTO `craft_sections_i18n` (`id`, `sectionId`, `locale`, `enabledByDefault`, `urlFormat`, `nestedUrlFormat`, `dateCreated`, `dateUpdated`, `uid`) VALUES
 ('1', '1', 'en_us', '1', '__home__', NULL, '2018-01-26 11:02:43', '2018-01-26 11:02:43', '4583d587-fbc3-4deb-9710-bc896ad84108'),
 ('3', '3', 'en_us', '1', NULL, NULL, '2018-01-26 11:11:34', '2018-01-26 11:11:34', 'cbe54a48-912e-4805-bc00-b082d41010fb'),
 ('4', '4', 'en_us', '1', 'information', NULL, '2018-01-26 11:19:56', '2018-01-26 11:19:56', '46ad33fa-8b57-475c-976f-90023d9e7e16');



DROP TABLE IF EXISTS `craft_sessions`;


--
-- Schema for table `craft_sessions`
--
CREATE TABLE `craft_sessions` (
  `id` int(11) NOT NULL AUTO_INCREMENT,
  `userId` int(11) NOT NULL,
  `token` char(100) COLLATE utf8_unicode_ci NOT NULL,
  `dateCreated` datetime NOT NULL,
  `dateUpdated` datetime NOT NULL,
  `uid` char(36) COLLATE utf8_unicode_ci NOT NULL DEFAULT '0',
  PRIMARY KEY (`id`),
  KEY `craft_sessions_uid_idx` (`uid`),
  KEY `craft_sessions_token_idx` (`token`),
  KEY `craft_sessions_dateUpdated_idx` (`dateUpdated`),
  KEY `craft_sessions_userId_fk` (`userId`)
) ENGINE=InnoDB AUTO_INCREMENT=5 DEFAULT CHARSET=utf8 COLLATE=utf8_unicode_ci;

DROP TABLE IF EXISTS `craft_shunnedmessages`;


--
-- Schema for table `craft_shunnedmessages`
--
CREATE TABLE `craft_shunnedmessages` (
  `id` int(11) NOT NULL AUTO_INCREMENT,
  `userId` int(11) NOT NULL,
  `message` varchar(255) COLLATE utf8_unicode_ci NOT NULL,
  `expiryDate` datetime DEFAULT NULL,
  `dateCreated` datetime NOT NULL,
  `dateUpdated` datetime NOT NULL,
  `uid` char(36) COLLATE utf8_unicode_ci NOT NULL DEFAULT '0',
  PRIMARY KEY (`id`),
  UNIQUE KEY `craft_shunnedmessages_userId_message_unq_idx` (`userId`,`message`)
) ENGINE=InnoDB DEFAULT CHARSET=utf8 COLLATE=utf8_unicode_ci;

DROP TABLE IF EXISTS `craft_structureelements`;


--
-- Schema for table `craft_structureelements`
--
CREATE TABLE `craft_structureelements` (
  `id` int(11) NOT NULL AUTO_INCREMENT,
  `structureId` int(11) NOT NULL,
  `elementId` int(11) DEFAULT NULL,
  `root` int(11) unsigned DEFAULT NULL,
  `lft` int(11) unsigned NOT NULL,
  `rgt` int(11) unsigned NOT NULL,
  `level` smallint(6) unsigned NOT NULL,
  `dateCreated` datetime NOT NULL,
  `dateUpdated` datetime NOT NULL,
  `uid` char(36) COLLATE utf8_unicode_ci NOT NULL DEFAULT '0',
  PRIMARY KEY (`id`),
  UNIQUE KEY `craft_structureelements_structureId_elementId_unq_idx` (`structureId`,`elementId`),
  KEY `craft_structureelements_root_idx` (`root`),
  KEY `craft_structureelements_lft_idx` (`lft`),
  KEY `craft_structureelements_rgt_idx` (`rgt`),
  KEY `craft_structureelements_level_idx` (`level`),
  KEY `craft_structureelements_elementId_fk` (`elementId`)
) ENGINE=InnoDB AUTO_INCREMENT=17 DEFAULT CHARSET=utf8 COLLATE=utf8_unicode_ci;

--
-- Data for table `craft_structureelements`
--

INSERT INTO `craft_structureelements` (`id`, `structureId`, `elementId`, `root`, `lft`, `rgt`, `level`, `dateCreated`, `dateUpdated`, `uid`) VALUES
 ('1', '1', NULL, '1', '1', '20', '0', '2018-01-26 11:30:24', '2018-01-26 11:30:24', 'd184f9ce-5d55-4d66-a317-72526271fd12'),
 ('4', '2', NULL, '4', '1', '8', '0', '2018-01-26 11:31:36', '2018-01-26 11:31:36', 'f583a97d-9107-4cef-9f78-4d392a3cca75'),
 ('5', '2', '13', '4', '2', '3', '1', '2018-01-26 11:31:36', '2018-01-26 11:31:36', 'c62c675e-e4f2-4565-a944-157ba6195682'),
 ('6', '2', '14', '4', '4', '5', '1', '2018-01-26 11:31:49', '2018-01-26 11:31:49', 'ee719006-f670-4a2d-b84a-745c0b465482'),
 ('7', '1', '27', '1', '2', '3', '1', '2018-01-29 14:32:38', '2018-01-29 14:32:38', '4bdf0cd1-18f4-4d68-9348-500b05db0018'),
 ('8', '1', '36', '1', '4', '5', '1', '2018-01-29 14:33:10', '2018-01-29 14:33:10', 'ca67283f-4199-4751-a5a3-e1f97e37299b'),
 ('9', '1', '40', '1', '6', '7', '1', '2018-01-29 14:33:57', '2018-01-29 14:33:57', 'a7e8dff9-3624-4937-8420-d7bd27ece771'),
 ('10', '1', '43', '1', '8', '9', '1', '2018-01-29 14:34:35', '2018-01-29 14:34:35', 'd9a06023-28bf-4ced-a653-479493673db8'),
 ('11', '1', '53', '1', '10', '11', '1', '2018-01-29 14:35:08', '2018-01-29 14:35:08', '04c6c497-8e27-4703-87e0-a35254254ab2'),
 ('12', '1', '60', '1', '12', '13', '1', '2018-01-29 14:35:31', '2018-01-29 14:35:31', 'b8b17dca-2ca7-4d4f-9ae6-df7a8cf52ed0'),
 ('13', '1', '69', '1', '14', '15', '1', '2018-01-29 14:36:08', '2018-01-29 14:36:08', 'cdbe0a27-46a9-49af-a7a4-2dcefc9efba0'),
 ('14', '1', '85', '1', '16', '17', '1', '2018-01-29 14:36:49', '2018-01-29 14:36:49', 'a98efb75-b7c4-4943-9b2c-c026b75a2704'),
 ('15', '2', '93', '4', '6', '7', '1', '2018-03-05 16:56:21', '2018-03-05 16:56:21', 'd0fcdafa-b61e-42ff-99f6-2cc16e94d02a'),
 ('16', '1', '103', '1', '18', '19', '1', '2018-03-05 17:09:19', '2018-03-05 17:09:19', 'dbcf77be-c7f7-4eea-b1a0-549aaf55730d');



DROP TABLE IF EXISTS `craft_structures`;


--
-- Schema for table `craft_structures`
--
CREATE TABLE `craft_structures` (
  `id` int(11) NOT NULL AUTO_INCREMENT,
  `maxLevels` smallint(6) unsigned DEFAULT NULL,
  `dateCreated` datetime NOT NULL,
  `dateUpdated` datetime NOT NULL,
  `uid` char(36) COLLATE utf8_unicode_ci NOT NULL DEFAULT '0',
  PRIMARY KEY (`id`)
) ENGINE=InnoDB AUTO_INCREMENT=3 DEFAULT CHARSET=utf8 COLLATE=utf8_unicode_ci;

--
-- Data for table `craft_structures`
--

INSERT INTO `craft_structures` (`id`, `maxLevels`, `dateCreated`, `dateUpdated`, `uid`) VALUES
 ('1', '1', '2018-01-26 11:11:57', '2018-01-26 11:11:57', '0678d091-44a1-45cb-81b3-940a7948fb5d'),
 ('2', '1', '2018-01-26 11:30:52', '2018-01-26 11:30:52', 'c16acf4b-d131-4bcd-9880-3aeed7d8a0e6');



DROP TABLE IF EXISTS `craft_systemsettings`;


--
-- Schema for table `craft_systemsettings`
--
CREATE TABLE `craft_systemsettings` (
  `id` int(11) NOT NULL AUTO_INCREMENT,
  `category` varchar(15) COLLATE utf8_unicode_ci NOT NULL,
  `settings` text COLLATE utf8_unicode_ci,
  `dateCreated` datetime NOT NULL,
  `dateUpdated` datetime NOT NULL,
  `uid` char(36) COLLATE utf8_unicode_ci NOT NULL DEFAULT '0',
  PRIMARY KEY (`id`),
  UNIQUE KEY `craft_systemsettings_category_unq_idx` (`category`)
) ENGINE=InnoDB AUTO_INCREMENT=2 DEFAULT CHARSET=utf8 COLLATE=utf8_unicode_ci;

--
-- Data for table `craft_systemsettings`
--

INSERT INTO `craft_systemsettings` (`id`, `category`, `settings`, `dateCreated`, `dateUpdated`, `uid`) VALUES
 ('1', 'email', '{\"protocol\":\"php\",\"emailAddress\":\"tom@thisiscatalogue.co.uk\",\"senderName\":\"Havana Laffitte\"}', '2018-01-26 11:02:43', '2018-01-26 11:02:43', '6caba5a5-bee5-4bde-abbe-912ce099a8e7');



DROP TABLE IF EXISTS `craft_taggroups`;


--
-- Schema for table `craft_taggroups`
--
CREATE TABLE `craft_taggroups` (
  `id` int(11) NOT NULL AUTO_INCREMENT,
  `name` varchar(255) COLLATE utf8_unicode_ci NOT NULL,
  `handle` varchar(255) COLLATE utf8_unicode_ci NOT NULL,
  `fieldLayoutId` int(10) DEFAULT NULL,
  `dateCreated` datetime NOT NULL,
  `dateUpdated` datetime NOT NULL,
  `uid` char(36) COLLATE utf8_unicode_ci NOT NULL DEFAULT '0',
  PRIMARY KEY (`id`),
  UNIQUE KEY `craft_taggroups_name_unq_idx` (`name`),
  UNIQUE KEY `craft_taggroups_handle_unq_idx` (`handle`),
  KEY `craft_taggroups_fieldLayoutId_fk` (`fieldLayoutId`)
) ENGINE=InnoDB AUTO_INCREMENT=2 DEFAULT CHARSET=utf8 COLLATE=utf8_unicode_ci;

--
-- Data for table `craft_taggroups`
--

INSERT INTO `craft_taggroups` (`id`, `name`, `handle`, `fieldLayoutId`, `dateCreated`, `dateUpdated`, `uid`) VALUES
 ('1', 'Default', 'default', '1', '2018-01-26 11:02:43', '2018-01-26 11:02:43', 'a0592c35-81e3-4d72-baef-cf6ae5e79a47');



DROP TABLE IF EXISTS `craft_tags`;


--
-- Schema for table `craft_tags`
--
CREATE TABLE `craft_tags` (
  `id` int(11) NOT NULL,
  `groupId` int(11) NOT NULL,
  `dateCreated` datetime NOT NULL,
  `dateUpdated` datetime NOT NULL,
  `uid` char(36) COLLATE utf8_unicode_ci NOT NULL DEFAULT '0',
  PRIMARY KEY (`id`),
  KEY `craft_tags_groupId_fk` (`groupId`)
) ENGINE=InnoDB DEFAULT CHARSET=utf8 COLLATE=utf8_unicode_ci;

DROP TABLE IF EXISTS `craft_tasks`;


--
-- Schema for table `craft_tasks`
--
CREATE TABLE `craft_tasks` (
  `id` int(11) NOT NULL AUTO_INCREMENT,
  `root` int(11) unsigned DEFAULT NULL,
  `lft` int(11) unsigned NOT NULL,
  `rgt` int(11) unsigned NOT NULL,
  `level` smallint(6) unsigned NOT NULL,
  `currentStep` int(11) unsigned DEFAULT NULL,
  `totalSteps` int(11) unsigned DEFAULT NULL,
  `status` enum('pending','error','running') COLLATE utf8_unicode_ci DEFAULT NULL,
  `type` varchar(150) COLLATE utf8_unicode_ci NOT NULL,
  `description` varchar(255) COLLATE utf8_unicode_ci DEFAULT NULL,
  `settings` mediumtext COLLATE utf8_unicode_ci,
  `dateCreated` datetime NOT NULL,
  `dateUpdated` datetime NOT NULL,
  `uid` char(36) COLLATE utf8_unicode_ci NOT NULL DEFAULT '0',
  PRIMARY KEY (`id`),
  KEY `craft_tasks_root_idx` (`root`),
  KEY `craft_tasks_lft_idx` (`lft`),
  KEY `craft_tasks_rgt_idx` (`rgt`),
  KEY `craft_tasks_level_idx` (`level`)
) ENGINE=InnoDB AUTO_INCREMENT=17 DEFAULT CHARSET=utf8 COLLATE=utf8_unicode_ci;

--
-- Data for table `craft_tasks`
--

INSERT INTO `craft_tasks` (`id`, `root`, `lft`, `rgt`, `level`, `currentStep`, `totalSteps`, `status`, `type`, `description`, `settings`, `dateCreated`, `dateUpdated`, `uid`) VALUES
 ('16', '16', '1', '2', '0', NULL, NULL, 'pending', 'DeleteStaleTemplateCaches', NULL, '{\"elementId\":[\"104\",\"105\",\"106\",\"107\",\"108\",\"109\",\"110\",\"111\",\"112\",\"113\",\"114\",\"115\",\"116\",\"117\"]}', '2018-03-05 17:10:33', '2018-03-05 17:11:22', '4763c238-ed6e-4350-9823-202b8c9c5d78');



DROP TABLE IF EXISTS `craft_templatecachecriteria`;


--
-- Schema for table `craft_templatecachecriteria`
--
CREATE TABLE `craft_templatecachecriteria` (
  `id` int(11) NOT NULL AUTO_INCREMENT,
  `cacheId` int(11) NOT NULL,
  `type` varchar(150) COLLATE utf8_unicode_ci NOT NULL,
  `criteria` text COLLATE utf8_unicode_ci NOT NULL,
  PRIMARY KEY (`id`),
  KEY `craft_templatecachecriteria_cacheId_fk` (`cacheId`),
  KEY `craft_templatecachecriteria_type_idx` (`type`)
) ENGINE=InnoDB DEFAULT CHARSET=utf8 COLLATE=utf8_unicode_ci;

DROP TABLE IF EXISTS `craft_templatecacheelements`;


--
-- Schema for table `craft_templatecacheelements`
--
CREATE TABLE `craft_templatecacheelements` (
  `cacheId` int(11) NOT NULL,
  `elementId` int(11) NOT NULL,
  KEY `craft_templatecacheelements_cacheId_fk` (`cacheId`),
  KEY `craft_templatecacheelements_elementId_fk` (`elementId`)
) ENGINE=InnoDB DEFAULT CHARSET=utf8 COLLATE=utf8_unicode_ci;

DROP TABLE IF EXISTS `craft_templatecaches`;


--
-- Schema for table `craft_templatecaches`
--
CREATE TABLE `craft_templatecaches` (
  `id` int(11) NOT NULL AUTO_INCREMENT,
  `cacheKey` varchar(255) COLLATE utf8_unicode_ci NOT NULL,
  `locale` char(12) COLLATE utf8_unicode_ci NOT NULL,
  `path` varchar(255) COLLATE utf8_unicode_ci DEFAULT NULL,
  `expiryDate` datetime NOT NULL,
  `body` mediumtext COLLATE utf8_unicode_ci NOT NULL,
  PRIMARY KEY (`id`),
  KEY `craft_templatecaches_cacheKey_locale_expiryDate_path_idx` (`cacheKey`,`locale`,`expiryDate`,`path`),
  KEY `craft_templatecaches_cacheKey_locale_expiryDate_idx` (`cacheKey`,`locale`,`expiryDate`),
  KEY `craft_templatecaches_locale_fk` (`locale`)
) ENGINE=InnoDB DEFAULT CHARSET=utf8 COLLATE=utf8_unicode_ci;

DROP TABLE IF EXISTS `craft_tokens`;


--
-- Schema for table `craft_tokens`
--
CREATE TABLE `craft_tokens` (
  `id` int(11) NOT NULL AUTO_INCREMENT,
  `token` char(32) COLLATE utf8_unicode_ci NOT NULL,
  `route` text COLLATE utf8_unicode_ci,
  `usageLimit` tinyint(3) unsigned DEFAULT NULL,
  `usageCount` tinyint(3) unsigned DEFAULT NULL,
  `expiryDate` datetime NOT NULL,
  `dateCreated` datetime NOT NULL,
  `dateUpdated` datetime NOT NULL,
  `uid` char(36) COLLATE utf8_unicode_ci NOT NULL DEFAULT '0',
  PRIMARY KEY (`id`),
  UNIQUE KEY `craft_tokens_token_unq_idx` (`token`),
  KEY `craft_tokens_expiryDate_idx` (`expiryDate`)
) ENGINE=InnoDB DEFAULT CHARSET=utf8 COLLATE=utf8_unicode_ci;

DROP TABLE IF EXISTS `craft_usergroups`;


--
-- Schema for table `craft_usergroups`
--
CREATE TABLE `craft_usergroups` (
  `id` int(11) NOT NULL AUTO_INCREMENT,
  `name` varchar(255) COLLATE utf8_unicode_ci NOT NULL,
  `handle` varchar(255) COLLATE utf8_unicode_ci NOT NULL,
  `dateCreated` datetime NOT NULL,
  `dateUpdated` datetime NOT NULL,
  `uid` char(36) COLLATE utf8_unicode_ci NOT NULL DEFAULT '0',
  PRIMARY KEY (`id`),
  UNIQUE KEY `craft_usergroups_name_unq_idx` (`name`),
  UNIQUE KEY `craft_usergroups_handle_unq_idx` (`handle`)
) ENGINE=InnoDB DEFAULT CHARSET=utf8 COLLATE=utf8_unicode_ci;

DROP TABLE IF EXISTS `craft_usergroups_users`;


--
-- Schema for table `craft_usergroups_users`
--
CREATE TABLE `craft_usergroups_users` (
  `id` int(11) NOT NULL AUTO_INCREMENT,
  `groupId` int(11) NOT NULL,
  `userId` int(11) NOT NULL,
  `dateCreated` datetime NOT NULL,
  `dateUpdated` datetime NOT NULL,
  `uid` char(36) COLLATE utf8_unicode_ci NOT NULL DEFAULT '0',
  PRIMARY KEY (`id`),
  UNIQUE KEY `craft_usergroups_users_groupId_userId_unq_idx` (`groupId`,`userId`),
  KEY `craft_usergroups_users_userId_fk` (`userId`)
) ENGINE=InnoDB DEFAULT CHARSET=utf8 COLLATE=utf8_unicode_ci;

DROP TABLE IF EXISTS `craft_userpermissions`;


--
-- Schema for table `craft_userpermissions`
--
CREATE TABLE `craft_userpermissions` (
  `id` int(11) NOT NULL AUTO_INCREMENT,
  `name` varchar(255) COLLATE utf8_unicode_ci NOT NULL,
  `dateCreated` datetime NOT NULL,
  `dateUpdated` datetime NOT NULL,
  `uid` char(36) COLLATE utf8_unicode_ci NOT NULL DEFAULT '0',
  PRIMARY KEY (`id`),
  UNIQUE KEY `craft_userpermissions_name_unq_idx` (`name`)
) ENGINE=InnoDB DEFAULT CHARSET=utf8 COLLATE=utf8_unicode_ci;

DROP TABLE IF EXISTS `craft_userpermissions_usergroups`;


--
-- Schema for table `craft_userpermissions_usergroups`
--
CREATE TABLE `craft_userpermissions_usergroups` (
  `id` int(11) NOT NULL AUTO_INCREMENT,
  `permissionId` int(11) NOT NULL,
  `groupId` int(11) NOT NULL,
  `dateCreated` datetime NOT NULL,
  `dateUpdated` datetime NOT NULL,
  `uid` char(36) COLLATE utf8_unicode_ci NOT NULL DEFAULT '0',
  PRIMARY KEY (`id`),
  UNIQUE KEY `craft_userpermissions_usergroups_permissionId_groupId_unq_idx` (`permissionId`,`groupId`),
  KEY `craft_userpermissions_usergroups_groupId_fk` (`groupId`)
) ENGINE=InnoDB DEFAULT CHARSET=utf8 COLLATE=utf8_unicode_ci;

DROP TABLE IF EXISTS `craft_userpermissions_users`;


--
-- Schema for table `craft_userpermissions_users`
--
CREATE TABLE `craft_userpermissions_users` (
  `id` int(11) NOT NULL AUTO_INCREMENT,
  `permissionId` int(11) NOT NULL,
  `userId` int(11) NOT NULL,
  `dateCreated` datetime NOT NULL,
  `dateUpdated` datetime NOT NULL,
  `uid` char(36) COLLATE utf8_unicode_ci NOT NULL DEFAULT '0',
  PRIMARY KEY (`id`),
  UNIQUE KEY `craft_userpermissions_users_permissionId_userId_unq_idx` (`permissionId`,`userId`),
  KEY `craft_userpermissions_users_userId_fk` (`userId`)
) ENGINE=InnoDB DEFAULT CHARSET=utf8 COLLATE=utf8_unicode_ci;

DROP TABLE IF EXISTS `craft_users`;


--
-- Schema for table `craft_users`
--
CREATE TABLE `craft_users` (
  `id` int(11) NOT NULL,
  `username` varchar(100) COLLATE utf8_unicode_ci NOT NULL,
  `photo` varchar(100) COLLATE utf8_unicode_ci DEFAULT NULL,
  `firstName` varchar(100) COLLATE utf8_unicode_ci DEFAULT NULL,
  `lastName` varchar(100) COLLATE utf8_unicode_ci DEFAULT NULL,
  `email` varchar(255) COLLATE utf8_unicode_ci NOT NULL,
  `password` char(255) COLLATE utf8_unicode_ci DEFAULT NULL,
  `preferredLocale` char(12) COLLATE utf8_unicode_ci DEFAULT NULL,
  `weekStartDay` tinyint(1) unsigned NOT NULL DEFAULT '0',
  `admin` tinyint(1) unsigned NOT NULL DEFAULT '0',
  `client` tinyint(1) unsigned NOT NULL DEFAULT '0',
  `locked` tinyint(1) unsigned NOT NULL DEFAULT '0',
  `suspended` tinyint(1) unsigned NOT NULL DEFAULT '0',
  `pending` tinyint(1) unsigned NOT NULL DEFAULT '0',
  `archived` tinyint(1) unsigned NOT NULL DEFAULT '0',
  `lastLoginDate` datetime DEFAULT NULL,
  `lastLoginAttemptIPAddress` varchar(45) COLLATE utf8_unicode_ci DEFAULT NULL,
  `invalidLoginWindowStart` datetime DEFAULT NULL,
  `invalidLoginCount` tinyint(4) unsigned DEFAULT NULL,
  `lastInvalidLoginDate` datetime DEFAULT NULL,
  `lockoutDate` datetime DEFAULT NULL,
  `verificationCode` char(100) COLLATE utf8_unicode_ci DEFAULT NULL,
  `verificationCodeIssuedDate` datetime DEFAULT NULL,
  `unverifiedEmail` varchar(255) COLLATE utf8_unicode_ci DEFAULT NULL,
  `passwordResetRequired` tinyint(1) unsigned NOT NULL DEFAULT '0',
  `lastPasswordChangeDate` datetime DEFAULT NULL,
  `dateCreated` datetime NOT NULL,
  `dateUpdated` datetime NOT NULL,
  `uid` char(36) COLLATE utf8_unicode_ci NOT NULL DEFAULT '0',
  PRIMARY KEY (`id`),
  UNIQUE KEY `craft_users_username_unq_idx` (`username`),
  UNIQUE KEY `craft_users_email_unq_idx` (`email`),
  KEY `craft_users_verificationCode_idx` (`verificationCode`),
  KEY `craft_users_uid_idx` (`uid`),
  KEY `craft_users_preferredLocale_fk` (`preferredLocale`)
) ENGINE=InnoDB DEFAULT CHARSET=utf8 COLLATE=utf8_unicode_ci;

--
-- Data for table `craft_users`
--

INSERT INTO `craft_users` (`id`, `username`, `photo`, `firstName`, `lastName`, `email`, `password`, `preferredLocale`, `weekStartDay`, `admin`, `client`, `locked`, `suspended`, `pending`, `archived`, `lastLoginDate`, `lastLoginAttemptIPAddress`, `invalidLoginWindowStart`, `invalidLoginCount`, `lastInvalidLoginDate`, `lockoutDate`, `verificationCode`, `verificationCodeIssuedDate`, `unverifiedEmail`, `passwordResetRequired`, `lastPasswordChangeDate`, `dateCreated`, `dateUpdated`, `uid`) VALUES
 ('1', 'tompratt', NULL, NULL, NULL, 'tom@thisiscatalogue.co.uk', '$2y$13$7mQVi0YDUZ/IjV4nwhmr0eLV7Gr4ip2cmHqkePwWeYj92wAjfre/G', NULL, '0', '1', '0', '0', '0', '0', '0', '2018-03-05 16:56:23', '24.90.94.133', NULL, NULL, NULL, NULL, NULL, NULL, NULL, '0', '2018-01-26 11:02:40', '2018-01-26 11:02:40', '2018-03-05 16:56:23', '45d07bc9-d2f8-498a-858c-1c33bcbae4a8');



DROP TABLE IF EXISTS `craft_widgets`;


--
-- Schema for table `craft_widgets`
--
CREATE TABLE `craft_widgets` (
  `id` int(11) NOT NULL AUTO_INCREMENT,
  `userId` int(11) NOT NULL,
  `type` varchar(150) COLLATE utf8_unicode_ci NOT NULL,
  `sortOrder` smallint(6) unsigned DEFAULT NULL,
  `colspan` tinyint(4) unsigned DEFAULT NULL,
  `settings` text COLLATE utf8_unicode_ci,
  `enabled` tinyint(1) unsigned NOT NULL DEFAULT '1',
  `dateCreated` datetime NOT NULL,
  `dateUpdated` datetime NOT NULL,
  `uid` char(36) COLLATE utf8_unicode_ci NOT NULL DEFAULT '0',
  PRIMARY KEY (`id`),
  KEY `craft_widgets_userId_fk` (`userId`)
) ENGINE=InnoDB AUTO_INCREMENT=5 DEFAULT CHARSET=utf8 COLLATE=utf8_unicode_ci;

--
-- Data for table `craft_widgets`
--

INSERT INTO `craft_widgets` (`id`, `userId`, `type`, `sortOrder`, `colspan`, `settings`, `enabled`, `dateCreated`, `dateUpdated`, `uid`) VALUES
 ('1', '1', 'RecentEntries', '1', NULL, NULL, '1', '2018-01-26 11:02:46', '2018-01-26 11:02:46', '080fe66f-8a7d-42bb-913a-c96219ada67e'),
 ('2', '1', 'GetHelp', '2', NULL, NULL, '0', '2018-01-26 11:02:46', '2018-02-06 11:53:26', '32217f4b-715e-4b4b-a798-9d8ca7acae88'),
 ('3', '1', 'Updates', '3', NULL, NULL, '1', '2018-01-26 11:02:46', '2018-01-26 11:02:46', 'ffc314d8-9675-46d3-88ce-1347f495f4f4'),
 ('4', '1', 'Feed', '4', NULL, '{\"url\":\"https:\\/\\/craftcms.com\\/news.rss\",\"title\":\"Craft News\"}', '0', '2018-01-26 11:02:46', '2018-02-06 11:53:30', 'ba015437-2f06-48e3-86cc-f59f52149463');


--
-- Constraints for tables
--


--
-- Constraints for table `craft_assetfiles`
--
ALTER TABLE `craft_assetfiles`
	ADD CONSTRAINT `craft_assetfiles_folderId_fk` FOREIGN KEY (`folderId`) REFERENCES `craft_assetfolders` (`id`) ON DELETE CASCADE,
	ADD CONSTRAINT `craft_assetfiles_id_fk` FOREIGN KEY (`id`) REFERENCES `craft_elements` (`id`) ON DELETE CASCADE,
	ADD CONSTRAINT `craft_assetfiles_sourceId_fk` FOREIGN KEY (`sourceId`) REFERENCES `craft_assetsources` (`id`) ON DELETE CASCADE;

--
-- Constraints for table `craft_assetfolders`
--
ALTER TABLE `craft_assetfolders`
	ADD CONSTRAINT `craft_assetfolders_parentId_fk` FOREIGN KEY (`parentId`) REFERENCES `craft_assetfolders` (`id`) ON DELETE CASCADE,
	ADD CONSTRAINT `craft_assetfolders_sourceId_fk` FOREIGN KEY (`sourceId`) REFERENCES `craft_assetsources` (`id`) ON DELETE CASCADE;

--
-- Constraints for table `craft_assetindexdata`
--
ALTER TABLE `craft_assetindexdata`
	ADD CONSTRAINT `craft_assetindexdata_sourceId_fk` FOREIGN KEY (`sourceId`) REFERENCES `craft_assetsources` (`id`) ON DELETE CASCADE;

--
-- Constraints for table `craft_assetsources`
--
ALTER TABLE `craft_assetsources`
	ADD CONSTRAINT `craft_assetsources_fieldLayoutId_fk` FOREIGN KEY (`fieldLayoutId`) REFERENCES `craft_fieldlayouts` (`id`) ON DELETE SET NULL;

--
-- Constraints for table `craft_categories`
--
ALTER TABLE `craft_categories`
	ADD CONSTRAINT `craft_categories_groupId_fk` FOREIGN KEY (`groupId`) REFERENCES `craft_categorygroups` (`id`) ON DELETE CASCADE,
	ADD CONSTRAINT `craft_categories_id_fk` FOREIGN KEY (`id`) REFERENCES `craft_elements` (`id`) ON DELETE CASCADE;

--
-- Constraints for table `craft_categorygroups`
--
ALTER TABLE `craft_categorygroups`
	ADD CONSTRAINT `craft_categorygroups_fieldLayoutId_fk` FOREIGN KEY (`fieldLayoutId`) REFERENCES `craft_fieldlayouts` (`id`) ON DELETE SET NULL,
	ADD CONSTRAINT `craft_categorygroups_structureId_fk` FOREIGN KEY (`structureId`) REFERENCES `craft_structures` (`id`) ON DELETE CASCADE;

--
-- Constraints for table `craft_categorygroups_i18n`
--
ALTER TABLE `craft_categorygroups_i18n`
	ADD CONSTRAINT `craft_categorygroups_i18n_groupId_fk` FOREIGN KEY (`groupId`) REFERENCES `craft_categorygroups` (`id`) ON DELETE CASCADE,
	ADD CONSTRAINT `craft_categorygroups_i18n_locale_fk` FOREIGN KEY (`locale`) REFERENCES `craft_locales` (`locale`) ON DELETE CASCADE ON UPDATE CASCADE;

--
-- Constraints for table `craft_content`
--
ALTER TABLE `craft_content`
	ADD CONSTRAINT `craft_content_elementId_fk` FOREIGN KEY (`elementId`) REFERENCES `craft_elements` (`id`) ON DELETE CASCADE,
	ADD CONSTRAINT `craft_content_locale_fk` FOREIGN KEY (`locale`) REFERENCES `craft_locales` (`locale`) ON DELETE CASCADE ON UPDATE CASCADE;

--
-- Constraints for table `craft_elements_i18n`
--
ALTER TABLE `craft_elements_i18n`
	ADD CONSTRAINT `craft_elements_i18n_elementId_fk` FOREIGN KEY (`elementId`) REFERENCES `craft_elements` (`id`) ON DELETE CASCADE,
	ADD CONSTRAINT `craft_elements_i18n_locale_fk` FOREIGN KEY (`locale`) REFERENCES `craft_locales` (`locale`) ON DELETE CASCADE ON UPDATE CASCADE;

--
-- Constraints for table `craft_emailmessages`
--
ALTER TABLE `craft_emailmessages`
	ADD CONSTRAINT `craft_emailmessages_locale_fk` FOREIGN KEY (`locale`) REFERENCES `craft_locales` (`locale`) ON DELETE CASCADE ON UPDATE CASCADE;

--
-- Constraints for table `craft_entries`
--
ALTER TABLE `craft_entries`
	ADD CONSTRAINT `craft_entries_authorId_fk` FOREIGN KEY (`authorId`) REFERENCES `craft_users` (`id`) ON DELETE CASCADE,
	ADD CONSTRAINT `craft_entries_id_fk` FOREIGN KEY (`id`) REFERENCES `craft_elements` (`id`) ON DELETE CASCADE,
	ADD CONSTRAINT `craft_entries_sectionId_fk` FOREIGN KEY (`sectionId`) REFERENCES `craft_sections` (`id`) ON DELETE CASCADE,
	ADD CONSTRAINT `craft_entries_typeId_fk` FOREIGN KEY (`typeId`) REFERENCES `craft_entrytypes` (`id`) ON DELETE CASCADE;

--
-- Constraints for table `craft_entrydrafts`
--
ALTER TABLE `craft_entrydrafts`
	ADD CONSTRAINT `craft_entrydrafts_creatorId_fk` FOREIGN KEY (`creatorId`) REFERENCES `craft_users` (`id`) ON DELETE CASCADE,
	ADD CONSTRAINT `craft_entrydrafts_entryId_fk` FOREIGN KEY (`entryId`) REFERENCES `craft_entries` (`id`) ON DELETE CASCADE,
	ADD CONSTRAINT `craft_entrydrafts_locale_fk` FOREIGN KEY (`locale`) REFERENCES `craft_locales` (`locale`) ON DELETE CASCADE ON UPDATE CASCADE,
	ADD CONSTRAINT `craft_entrydrafts_sectionId_fk` FOREIGN KEY (`sectionId`) REFERENCES `craft_sections` (`id`) ON DELETE CASCADE;

--
-- Constraints for table `craft_entrytypes`
--
ALTER TABLE `craft_entrytypes`
	ADD CONSTRAINT `craft_entrytypes_fieldLayoutId_fk` FOREIGN KEY (`fieldLayoutId`) REFERENCES `craft_fieldlayouts` (`id`) ON DELETE SET NULL,
	ADD CONSTRAINT `craft_entrytypes_sectionId_fk` FOREIGN KEY (`sectionId`) REFERENCES `craft_sections` (`id`) ON DELETE CASCADE;

--
-- Constraints for table `craft_entryversions`
--
ALTER TABLE `craft_entryversions`
	ADD CONSTRAINT `craft_entryversions_creatorId_fk` FOREIGN KEY (`creatorId`) REFERENCES `craft_users` (`id`) ON DELETE SET NULL,
	ADD CONSTRAINT `craft_entryversions_entryId_fk` FOREIGN KEY (`entryId`) REFERENCES `craft_entries` (`id`) ON DELETE CASCADE,
	ADD CONSTRAINT `craft_entryversions_locale_fk` FOREIGN KEY (`locale`) REFERENCES `craft_locales` (`locale`) ON DELETE CASCADE ON UPDATE CASCADE,
	ADD CONSTRAINT `craft_entryversions_sectionId_fk` FOREIGN KEY (`sectionId`) REFERENCES `craft_sections` (`id`) ON DELETE CASCADE;

--
-- Constraints for table `craft_fieldlayoutfields`
--
ALTER TABLE `craft_fieldlayoutfields`
	ADD CONSTRAINT `craft_fieldlayoutfields_fieldId_fk` FOREIGN KEY (`fieldId`) REFERENCES `craft_fields` (`id`) ON DELETE CASCADE,
	ADD CONSTRAINT `craft_fieldlayoutfields_layoutId_fk` FOREIGN KEY (`layoutId`) REFERENCES `craft_fieldlayouts` (`id`) ON DELETE CASCADE,
	ADD CONSTRAINT `craft_fieldlayoutfields_tabId_fk` FOREIGN KEY (`tabId`) REFERENCES `craft_fieldlayouttabs` (`id`) ON DELETE CASCADE;

--
-- Constraints for table `craft_fieldlayouttabs`
--
ALTER TABLE `craft_fieldlayouttabs`
	ADD CONSTRAINT `craft_fieldlayouttabs_layoutId_fk` FOREIGN KEY (`layoutId`) REFERENCES `craft_fieldlayouts` (`id`) ON DELETE CASCADE;

--
-- Constraints for table `craft_fields`
--
ALTER TABLE `craft_fields`
	ADD CONSTRAINT `craft_fields_groupId_fk` FOREIGN KEY (`groupId`) REFERENCES `craft_fieldgroups` (`id`) ON DELETE CASCADE;

--
-- Constraints for table `craft_globalsets`
--
ALTER TABLE `craft_globalsets`
	ADD CONSTRAINT `craft_globalsets_fieldLayoutId_fk` FOREIGN KEY (`fieldLayoutId`) REFERENCES `craft_fieldlayouts` (`id`) ON DELETE SET NULL,
	ADD CONSTRAINT `craft_globalsets_id_fk` FOREIGN KEY (`id`) REFERENCES `craft_elements` (`id`) ON DELETE CASCADE;

--
-- Constraints for table `craft_matrixblocks`
--
ALTER TABLE `craft_matrixblocks`
	ADD CONSTRAINT `craft_matrixblocks_fieldId_fk` FOREIGN KEY (`fieldId`) REFERENCES `craft_fields` (`id`) ON DELETE CASCADE,
	ADD CONSTRAINT `craft_matrixblocks_id_fk` FOREIGN KEY (`id`) REFERENCES `craft_elements` (`id`) ON DELETE CASCADE,
	ADD CONSTRAINT `craft_matrixblocks_ownerId_fk` FOREIGN KEY (`ownerId`) REFERENCES `craft_elements` (`id`) ON DELETE CASCADE,
	ADD CONSTRAINT `craft_matrixblocks_ownerLocale_fk` FOREIGN KEY (`ownerLocale`) REFERENCES `craft_locales` (`locale`) ON DELETE CASCADE ON UPDATE CASCADE,
	ADD CONSTRAINT `craft_matrixblocks_typeId_fk` FOREIGN KEY (`typeId`) REFERENCES `craft_matrixblocktypes` (`id`) ON DELETE CASCADE;

--
-- Constraints for table `craft_matrixblocktypes`
--
ALTER TABLE `craft_matrixblocktypes`
	ADD CONSTRAINT `craft_matrixblocktypes_fieldId_fk` FOREIGN KEY (`fieldId`) REFERENCES `craft_fields` (`id`) ON DELETE CASCADE,
	ADD CONSTRAINT `craft_matrixblocktypes_fieldLayoutId_fk` FOREIGN KEY (`fieldLayoutId`) REFERENCES `craft_fieldlayouts` (`id`) ON DELETE SET NULL;

--
-- Constraints for table `craft_matrixcontent_clients`
--
ALTER TABLE `craft_matrixcontent_clients`
	ADD CONSTRAINT `craft_matrixcontent_clients_elementId_fk` FOREIGN KEY (`elementId`) REFERENCES `craft_elements` (`id`) ON DELETE CASCADE,
	ADD CONSTRAINT `craft_matrixcontent_clients_locale_fk` FOREIGN KEY (`locale`) REFERENCES `craft_locales` (`locale`) ON DELETE CASCADE ON UPDATE CASCADE;

--
-- Constraints for table `craft_matrixcontent_slideshow`
--
ALTER TABLE `craft_matrixcontent_slideshow`
	ADD CONSTRAINT `craft_matrixcontent_slideshow_elementId_fk` FOREIGN KEY (`elementId`) REFERENCES `craft_elements` (`id`) ON DELETE CASCADE,
	ADD CONSTRAINT `craft_matrixcontent_slideshow_locale_fk` FOREIGN KEY (`locale`) REFERENCES `craft_locales` (`locale`) ON DELETE CASCADE ON UPDATE CASCADE;

--
-- Constraints for table `craft_migrations`
--
ALTER TABLE `craft_migrations`
	ADD CONSTRAINT `craft_migrations_pluginId_fk` FOREIGN KEY (`pluginId`) REFERENCES `craft_plugins` (`id`) ON DELETE CASCADE;

--
-- Constraints for table `craft_relations`
--
ALTER TABLE `craft_relations`
	ADD CONSTRAINT `craft_relations_fieldId_fk` FOREIGN KEY (`fieldId`) REFERENCES `craft_fields` (`id`) ON DELETE CASCADE,
	ADD CONSTRAINT `craft_relations_sourceId_fk` FOREIGN KEY (`sourceId`) REFERENCES `craft_elements` (`id`) ON DELETE CASCADE,
	ADD CONSTRAINT `craft_relations_sourceLocale_fk` FOREIGN KEY (`sourceLocale`) REFERENCES `craft_locales` (`locale`) ON DELETE CASCADE ON UPDATE CASCADE,
	ADD CONSTRAINT `craft_relations_targetId_fk` FOREIGN KEY (`targetId`) REFERENCES `craft_elements` (`id`) ON DELETE CASCADE;

--
-- Constraints for table `craft_routes`
--
ALTER TABLE `craft_routes`
	ADD CONSTRAINT `craft_routes_locale_fk` FOREIGN KEY (`locale`) REFERENCES `craft_locales` (`locale`) ON DELETE CASCADE ON UPDATE CASCADE;

--
-- Constraints for table `craft_sections`
--
ALTER TABLE `craft_sections`
	ADD CONSTRAINT `craft_sections_structureId_fk` FOREIGN KEY (`structureId`) REFERENCES `craft_structures` (`id`) ON DELETE SET NULL;

--
-- Constraints for table `craft_sections_i18n`
--
ALTER TABLE `craft_sections_i18n`
	ADD CONSTRAINT `craft_sections_i18n_locale_fk` FOREIGN KEY (`locale`) REFERENCES `craft_locales` (`locale`) ON DELETE CASCADE ON UPDATE CASCADE,
	ADD CONSTRAINT `craft_sections_i18n_sectionId_fk` FOREIGN KEY (`sectionId`) REFERENCES `craft_sections` (`id`) ON DELETE CASCADE;

--
-- Constraints for table `craft_sessions`
--
ALTER TABLE `craft_sessions`
	ADD CONSTRAINT `craft_sessions_userId_fk` FOREIGN KEY (`userId`) REFERENCES `craft_users` (`id`) ON DELETE CASCADE;

--
-- Constraints for table `craft_shunnedmessages`
--
ALTER TABLE `craft_shunnedmessages`
	ADD CONSTRAINT `craft_shunnedmessages_userId_fk` FOREIGN KEY (`userId`) REFERENCES `craft_users` (`id`) ON DELETE CASCADE;

--
-- Constraints for table `craft_structureelements`
--
ALTER TABLE `craft_structureelements`
	ADD CONSTRAINT `craft_structureelements_elementId_fk` FOREIGN KEY (`elementId`) REFERENCES `craft_elements` (`id`) ON DELETE CASCADE,
	ADD CONSTRAINT `craft_structureelements_structureId_fk` FOREIGN KEY (`structureId`) REFERENCES `craft_structures` (`id`) ON DELETE CASCADE;

--
-- Constraints for table `craft_taggroups`
--
ALTER TABLE `craft_taggroups`
	ADD CONSTRAINT `craft_taggroups_fieldLayoutId_fk` FOREIGN KEY (`fieldLayoutId`) REFERENCES `craft_fieldlayouts` (`id`) ON DELETE SET NULL;

--
-- Constraints for table `craft_tags`
--
ALTER TABLE `craft_tags`
	ADD CONSTRAINT `craft_tags_groupId_fk` FOREIGN KEY (`groupId`) REFERENCES `craft_taggroups` (`id`) ON DELETE CASCADE,
	ADD CONSTRAINT `craft_tags_id_fk` FOREIGN KEY (`id`) REFERENCES `craft_elements` (`id`) ON DELETE CASCADE;

--
-- Constraints for table `craft_templatecachecriteria`
--
ALTER TABLE `craft_templatecachecriteria`
	ADD CONSTRAINT `craft_templatecachecriteria_cacheId_fk` FOREIGN KEY (`cacheId`) REFERENCES `craft_templatecaches` (`id`) ON DELETE CASCADE;

--
-- Constraints for table `craft_templatecacheelements`
--
ALTER TABLE `craft_templatecacheelements`
	ADD CONSTRAINT `craft_templatecacheelements_cacheId_fk` FOREIGN KEY (`cacheId`) REFERENCES `craft_templatecaches` (`id`) ON DELETE CASCADE,
	ADD CONSTRAINT `craft_templatecacheelements_elementId_fk` FOREIGN KEY (`elementId`) REFERENCES `craft_elements` (`id`) ON DELETE CASCADE;

--
-- Constraints for table `craft_templatecaches`
--
ALTER TABLE `craft_templatecaches`
	ADD CONSTRAINT `craft_templatecaches_locale_fk` FOREIGN KEY (`locale`) REFERENCES `craft_locales` (`locale`) ON DELETE CASCADE ON UPDATE CASCADE;

--
-- Constraints for table `craft_usergroups_users`
--
ALTER TABLE `craft_usergroups_users`
	ADD CONSTRAINT `craft_usergroups_users_groupId_fk` FOREIGN KEY (`groupId`) REFERENCES `craft_usergroups` (`id`) ON DELETE CASCADE,
	ADD CONSTRAINT `craft_usergroups_users_userId_fk` FOREIGN KEY (`userId`) REFERENCES `craft_users` (`id`) ON DELETE CASCADE;

--
-- Constraints for table `craft_userpermissions_usergroups`
--
ALTER TABLE `craft_userpermissions_usergroups`
	ADD CONSTRAINT `craft_userpermissions_usergroups_groupId_fk` FOREIGN KEY (`groupId`) REFERENCES `craft_usergroups` (`id`) ON DELETE CASCADE,
	ADD CONSTRAINT `craft_userpermissions_usergroups_permissionId_fk` FOREIGN KEY (`permissionId`) REFERENCES `craft_userpermissions` (`id`) ON DELETE CASCADE;

--
-- Constraints for table `craft_userpermissions_users`
--
ALTER TABLE `craft_userpermissions_users`
	ADD CONSTRAINT `craft_userpermissions_users_permissionId_fk` FOREIGN KEY (`permissionId`) REFERENCES `craft_userpermissions` (`id`) ON DELETE CASCADE,
	ADD CONSTRAINT `craft_userpermissions_users_userId_fk` FOREIGN KEY (`userId`) REFERENCES `craft_users` (`id`) ON DELETE CASCADE;

--
-- Constraints for table `craft_users`
--
ALTER TABLE `craft_users`
	ADD CONSTRAINT `craft_users_id_fk` FOREIGN KEY (`id`) REFERENCES `craft_elements` (`id`) ON DELETE CASCADE,
	ADD CONSTRAINT `craft_users_preferredLocale_fk` FOREIGN KEY (`preferredLocale`) REFERENCES `craft_locales` (`locale`) ON DELETE SET NULL ON UPDATE CASCADE;

--
-- Constraints for table `craft_widgets`
--
ALTER TABLE `craft_widgets`
	ADD CONSTRAINT `craft_widgets_userId_fk` FOREIGN KEY (`userId`) REFERENCES `craft_users` (`id`) ON DELETE CASCADE;

SET FOREIGN_KEY_CHECKS = 1;
